2026-08-16 13:34:56,658 p=21696 u=admin n=ansible WARNING| [WARNING]: Failed to parse inventory with 'auto' plugin: no root 'plugin' key found, '/home/admin/Playground/ansible/kitty/inventory.yaml' is not a valid YAML inventory plugin config file

Failed to parse inventory with 'auto' plugin.

<<< caused by >>>

no root 'plugin' key found, '/home/admin/Playground/ansible/kitty/inventory.yaml' is not a valid YAML inventory plugin config file
Origin: <inventory plugin 'auto' with source '/home/admin/Playground/ansible/kitty/inventory.yaml'>


2026-08-16 13:34:56,659 p=21696 u=admin n=ansible WARNING| [WARNING]: Failed to parse inventory with 'yaml' plugin: Invalid data from file, expected dictionary and got:

ansible_connection=local

Failed to parse inventory with 'yaml' plugin.

<<< caused by >>>

Invalid data from file, expected dictionary and got:

ansible_connection=local
Origin: <inventory plugin 'yaml' with source '/home/admin/Playground/ansible/kitty/inventory.yaml'>


2026-08-16 13:34:56,659 p=21696 u=admin n=ansible WARNING| [WARNING]: Failed to parse inventory with 'ini' plugin: Failed to parse inventory: Invalid host pattern 'workstation:' supplied, ending in ':' is not allowed, this character is reserved to provide a port.

Failed to parse inventory with 'ini' plugin.

<<< caused by >>>

Failed to parse inventory: Invalid host pattern 'workstation:' supplied, ending in ':' is not allowed, this character is reserved to provide a port.
Origin: /home/admin/Playground/ansible/kitty/inventory.yaml


2026-08-16 13:34:56,659 p=21696 u=admin n=ansible WARNING| [WARNING]: Unable to parse /home/admin/Playground/ansible/kitty/inventory.yaml as an inventory source

2026-08-16 13:34:56,660 p=21696 u=admin n=ansible WARNING| [WARNING]: No inventory was parsed, only implicit localhost is available

2026-08-16 13:34:56,668 p=21696 u=admin n=ansible WARNING| [WARNING]: provided hosts list is empty, only localhost is available. Note that the implicit localhost does not match 'all'

2026-08-16 13:34:56,814 p=21696 u=admin n=ansible INFO| PLAY [Testing kitty installation] **********************************************************************************************************************************************************************************
2026-08-16 13:34:56,814 p=21696 u=admin n=ansible INFO| skipping: no hosts matched
2026-08-16 13:34:56,814 p=21696 u=admin n=ansible INFO| PLAY RECAP *********************************************************************************************************************************************************************************************************
2026-08-16 13:35:30,435 p=21752 u=admin n=ansible INFO| PLAY [Testing kitty installation] **********************************************************************************************************************************************************************************
2026-08-16 13:35:30,453 p=21752 u=admin n=ansible INFO| TASK [Gathering Facts] *********************************************************************************************************************************************************************************************
2026-08-16 13:35:31,842 p=21752 u=admin n=ansible WARNING| [WARNING]: Host 'localhost' is using the discovered Python interpreter at '/usr/bin/python3.14', but future installation of another Python interpreter could cause a different interpreter to be discovered. See https://docs.ansible.com/ansible-core/2.20/reference_appendices/interpreter_discovery.html for more information.

2026-08-16 13:35:31,842 p=21752 u=admin n=ansible INFO| ok: [localhost]
2026-08-16 13:35:31,848 p=21752 u=admin n=ansible INFO| TASK [Testing command] *********************************************************************************************************************************************************************************************
2026-08-16 13:35:32,399 p=21752 u=admin n=ansible INFO| changed: [localhost]
2026-08-16 13:35:32,401 p=21752 u=admin n=ansible INFO| PLAY RECAP *********************************************************************************************************************************************************************************************************
2026-08-16 13:35:32,401 p=21752 u=admin n=ansible INFO| localhost                  : ok=2    changed=1    unreachable=0    failed=0    skipped=0    rescued=0    ignored=0   
2026-08-16 13:35:39,691 p=21880 u=admin n=ansible INFO| Using /home/admin/Playground/ansible/kitty/ansible.cfg as config file
2026-08-16 13:35:39,931 p=21880 u=admin n=ansible INFO| PLAY [Testing kitty installation] **********************************************************************************************************************************************************************************
2026-08-16 13:35:39,942 p=21880 u=admin n=ansible INFO| TASK [Gathering Facts] *********************************************************************************************************************************************************************************************
2026-08-16 13:35:41,269 p=21880 u=admin n=ansible WARNING| [WARNING]: Host 'localhost' is using the discovered Python interpreter at '/usr/bin/python3.14', but future installation of another Python interpreter could cause a different interpreter to be discovered. See https://docs.ansible.com/ansible-core/2.20/reference_appendices/interpreter_discovery.html for more information.

2026-08-16 13:35:41,269 p=21880 u=admin n=ansible INFO| ok: [localhost]
2026-08-16 13:35:41,275 p=21880 u=admin n=ansible INFO| TASK [Testing command] *********************************************************************************************************************************************************************************************
2026-08-16 13:35:41,839 p=21880 u=admin n=ansible INFO| changed: [localhost] => {"changed": true, "cmd": ["echo", "Hello"], "delta": "0:00:00.003637", "end": "2026-08-16 13:35:41.793662", "msg": "", "rc": 0, "start": "2026-08-16 13:35:41.790025", "stderr": "", "stderr_lines": [], "stdout": "Hello", "stdout_lines": ["Hello"]}
2026-08-16 13:35:41,840 p=21880 u=admin n=ansible INFO| PLAY RECAP *********************************************************************************************************************************************************************************************************
2026-08-16 13:35:41,840 p=21880 u=admin n=ansible INFO| localhost                  : ok=2    changed=1    unreachable=0    failed=0    skipped=0    rescued=0    ignored=0   
2026-08-16 13:36:00,850 p=21989 u=admin n=ansible INFO| Using /home/admin/Playground/ansible/kitty/ansible.cfg as config file
2026-08-16 13:36:01,088 p=21989 u=admin n=ansible INFO| PLAY [Testing kitty installation] **********************************************************************************************************************************************************************************
2026-08-16 13:36:01,099 p=21989 u=admin n=ansible INFO| TASK [Gathering Facts] *********************************************************************************************************************************************************************************************
2026-08-16 13:36:02,493 p=21989 u=admin n=ansible WARNING| [WARNING]: Host 'localhost' is using the discovered Python interpreter at '/usr/bin/python3.14', but future installation of another Python interpreter could cause a different interpreter to be discovered. See https://docs.ansible.com/ansible-core/2.20/reference_appendices/interpreter_discovery.html for more information.

2026-08-16 13:36:02,494 p=21989 u=admin n=ansible INFO| ok: [localhost]
2026-08-16 13:36:02,499 p=21989 u=admin n=ansible INFO| TASK [Testing command] *********************************************************************************************************************************************************************************************
2026-08-16 13:36:03,043 p=21989 u=admin n=ansible INFO| ok: [localhost] => {"changed": false, "cmd": ["echo", "Hello"], "delta": "0:00:00.003769", "end": "2026-08-16 13:36:02.998795", "msg": "", "rc": 0, "start": "2026-08-16 13:36:02.995026", "stderr": "", "stderr_lines": [], "stdout": "Hello", "stdout_lines": ["Hello"]}
2026-08-16 13:36:03,044 p=21989 u=admin n=ansible INFO| PLAY RECAP *********************************************************************************************************************************************************************************************************
2026-08-16 13:36:03,045 p=21989 u=admin n=ansible INFO| localhost                  : ok=2    changed=0    unreachable=0    failed=0    skipped=0    rescued=0    ignored=0   
2026-08-16 13:44:39,377 p=24821 u=admin n=ansible INFO| Using /home/admin/Playground/ansible/kitty/ansible.cfg as config file
2026-08-16 13:44:39,612 p=24821 u=admin n=ansible INFO| PLAY [Testing kitty installation] **********************************************************************************************************************************************************************************
2026-08-16 13:44:39,623 p=24821 u=admin n=ansible INFO| TASK [Gathering Facts] *********************************************************************************************************************************************************************************************
2026-08-16 13:44:41,022 p=24821 u=admin n=ansible WARNING| [WARNING]: Host 'localhost' is using the discovered Python interpreter at '/usr/bin/python3.14', but future installation of another Python interpreter could cause a different interpreter to be discovered. See https://docs.ansible.com/ansible-core/2.20/reference_appendices/interpreter_discovery.html for more information.

2026-08-16 13:44:41,023 p=24821 u=admin n=ansible INFO| ok: [localhost]
2026-08-16 13:44:41,027 p=24821 u=admin n=ansible INFO| TASK [Create dirs if they don't exist] *****************************************************************************************************************************************************************************
2026-08-16 13:44:41,599 p=24821 u=admin n=ansible INFO| ok: [localhost] => (item=/home/admin/.ansible/tmp) => {"ansible_loop_var": "item", "changed": false, "gid": 1000, "group": "admin", "item": "/home/admin/.ansible/tmp", "mode": "0700", "owner": "admin", "path": "/home/admin/.ansible/tmp", "secontext": "unconfined_u:object_r:user_home_t:s0", "size": 212, "state": "directory", "uid": 1000}
2026-08-16 13:44:42,014 p=24821 u=admin n=ansible INFO| changed: [localhost] => (item=/home/admin/.local/kitty.app) => {"ansible_loop_var": "item", "changed": true, "gid": 1000, "group": "admin", "item": "/home/admin/.local/kitty.app", "mode": "0755", "owner": "admin", "path": "/home/admin/.local/kitty.app", "secontext": "unconfined_u:object_r:gconf_home_t:s0", "size": 0, "state": "directory", "uid": 1000}
2026-08-16 13:44:42,418 p=24821 u=admin n=ansible INFO| changed: [localhost] => (item=/home/admin/.local/bin) => {"ansible_loop_var": "item", "changed": true, "gid": 1000, "group": "admin", "item": "/home/admin/.local/bin", "mode": "0755", "owner": "admin", "path": "/home/admin/.local/bin", "secontext": "unconfined_u:object_r:gconf_home_t:s0", "size": 0, "state": "directory", "uid": 1000}
2026-08-16 13:44:42,423 p=24821 u=admin n=ansible INFO| PLAY RECAP *********************************************************************************************************************************************************************************************************
2026-08-16 13:44:42,423 p=24821 u=admin n=ansible INFO| localhost                  : ok=2    changed=1    unreachable=0    failed=0    skipped=0    rescued=0    ignored=0   
2026-08-16 13:44:44,683 p=24935 u=admin n=ansible INFO| Using /home/admin/Playground/ansible/kitty/ansible.cfg as config file
2026-08-16 13:44:44,920 p=24935 u=admin n=ansible INFO| PLAY [Testing kitty installation] **********************************************************************************************************************************************************************************
2026-08-16 13:44:44,931 p=24935 u=admin n=ansible INFO| TASK [Gathering Facts] *********************************************************************************************************************************************************************************************
2026-08-16 13:44:46,276 p=24935 u=admin n=ansible WARNING| [WARNING]: Host 'localhost' is using the discovered Python interpreter at '/usr/bin/python3.14', but future installation of another Python interpreter could cause a different interpreter to be discovered. See https://docs.ansible.com/ansible-core/2.20/reference_appendices/interpreter_discovery.html for more information.

2026-08-16 13:44:46,276 p=24935 u=admin n=ansible INFO| ok: [localhost]
2026-08-16 13:44:46,281 p=24935 u=admin n=ansible INFO| TASK [Create dirs if they don't exist] *****************************************************************************************************************************************************************************
2026-08-16 13:44:46,855 p=24935 u=admin n=ansible INFO| ok: [localhost] => (item=/home/admin/.ansible/tmp) => {"ansible_loop_var": "item", "changed": false, "gid": 1000, "group": "admin", "item": "/home/admin/.ansible/tmp", "mode": "0700", "owner": "admin", "path": "/home/admin/.ansible/tmp", "secontext": "unconfined_u:object_r:user_home_t:s0", "size": 212, "state": "directory", "uid": 1000}
2026-08-16 13:44:47,264 p=24935 u=admin n=ansible INFO| ok: [localhost] => (item=/home/admin/.local/kitty.app) => {"ansible_loop_var": "item", "changed": false, "gid": 1000, "group": "admin", "item": "/home/admin/.local/kitty.app", "mode": "0755", "owner": "admin", "path": "/home/admin/.local/kitty.app", "secontext": "unconfined_u:object_r:gconf_home_t:s0", "size": 0, "state": "directory", "uid": 1000}
2026-08-16 13:44:47,674 p=24935 u=admin n=ansible INFO| ok: [localhost] => (item=/home/admin/.local/bin) => {"ansible_loop_var": "item", "changed": false, "gid": 1000, "group": "admin", "item": "/home/admin/.local/bin", "mode": "0755", "owner": "admin", "path": "/home/admin/.local/bin", "secontext": "unconfined_u:object_r:gconf_home_t:s0", "size": 0, "state": "directory", "uid": 1000}
2026-08-16 13:44:47,676 p=24935 u=admin n=ansible INFO| PLAY RECAP *********************************************************************************************************************************************************************************************************
2026-08-16 13:44:47,677 p=24935 u=admin n=ansible INFO| localhost                  : ok=2    changed=0    unreachable=0    failed=0    skipped=0    rescued=0    ignored=0   
2026-08-16 13:50:54,271 p=26005 u=admin n=ansible INFO| Using /home/admin/Playground/ansible/kitty/ansible.cfg as config file
2026-08-16 13:50:54,514 p=26005 u=admin n=ansible INFO| PLAY [Testing kitty installation] **********************************************************************************************************************************************************************************
2026-08-16 13:50:54,527 p=26005 u=admin n=ansible INFO| TASK [Gathering Facts] *********************************************************************************************************************************************************************************************
2026-08-16 13:50:55,893 p=26005 u=admin n=ansible WARNING| [WARNING]: Host 'localhost' is using the discovered Python interpreter at '/usr/bin/python3.14', but future installation of another Python interpreter could cause a different interpreter to be discovered. See https://docs.ansible.com/ansible-core/2.20/reference_appendices/interpreter_discovery.html for more information.

2026-08-16 13:50:55,894 p=26005 u=admin n=ansible INFO| ok: [localhost]
2026-08-16 13:50:55,898 p=26005 u=admin n=ansible INFO| TASK [Create dirs if they don't exist] *****************************************************************************************************************************************************************************
2026-08-16 13:50:56,481 p=26005 u=admin n=ansible INFO| ok: [localhost] => (item=/home/admin/.ansible/tmp) => {"ansible_loop_var": "item", "changed": false, "gid": 1000, "group": "admin", "item": "/home/admin/.ansible/tmp", "mode": "0700", "owner": "admin", "path": "/home/admin/.ansible/tmp", "secontext": "unconfined_u:object_r:user_home_t:s0", "size": 212, "state": "directory", "uid": 1000}
2026-08-16 13:50:56,885 p=26005 u=admin n=ansible INFO| ok: [localhost] => (item=/home/admin/.local/kitty.app) => {"ansible_loop_var": "item", "changed": false, "gid": 1000, "group": "admin", "item": "/home/admin/.local/kitty.app", "mode": "0755", "owner": "admin", "path": "/home/admin/.local/kitty.app", "secontext": "unconfined_u:object_r:user_tmp_t:s0", "size": 22, "state": "directory", "uid": 1000}
2026-08-16 13:50:57,289 p=26005 u=admin n=ansible INFO| ok: [localhost] => (item=/home/admin/.local/bin) => {"ansible_loop_var": "item", "changed": false, "gid": 1000, "group": "admin", "item": "/home/admin/.local/bin", "mode": "0755", "owner": "admin", "path": "/home/admin/.local/bin", "secontext": "unconfined_u:object_r:gconf_home_t:s0", "size": 0, "state": "directory", "uid": 1000}
2026-08-16 13:50:57,296 p=26005 u=admin n=ansible INFO| TASK [Get info from kitty -v] **************************************************************************************************************************************************************************************
2026-08-16 13:50:57,856 p=26005 u=admin n=ansible INFO| changed: [localhost] => {"changed": true, "cmd": ["/home/admin/.local/kitty.app/bin/kitty", "-v"], "delta": "0:00:00.004974", "end": "2026-08-16 13:50:57.811223", "msg": "", "rc": 0, "start": "2026-08-16 13:50:57.806249", "stderr": "", "stderr_lines": [], "stdout": "kitty 0.48.2 created by Kovid Goyal", "stdout_lines": ["kitty 0.48.2 created by Kovid Goyal"]}
2026-08-16 13:50:57,862 p=26005 u=admin n=ansible INFO| TASK [Extract kitty version from installed_kitty_info] *************************************************************************************************************************************************************
2026-08-16 13:50:57,892 p=26005 u=admin n=ansible ERROR| [ERROR]: Task failed: Finalization of task args for 'ansible.builtin.set_fact' failed: Error while resolving value for 'installed_kitty_version': The filter plugin 'ansible.builtin.split' failed: descriptor 'split' for 'str' objects doesn't apply to a '_AnsibleLazyTemplateDict' object

Task failed.
Origin: /home/admin/Playground/ansible/kitty/playbook.yaml:29:7

27       register: installed_kitty_info
28
29     - name: Extract kitty version from installed_kitty_info
         ^ column 7

<<< caused by >>>

Finalization of task args for 'ansible.builtin.set_fact' failed.
Origin: /home/admin/Playground/ansible/kitty/playbook.yaml:30:7

28
29     - name: Extract kitty version from installed_kitty_info
30       ansible.builtin.set_fact:
         ^ column 7

<<< caused by >>>

Error while resolving value for 'installed_kitty_version': The filter plugin 'ansible.builtin.split' failed: descriptor 'split' for 'str' objects doesn't apply to a '_AnsibleLazyTemplateDict' object
Origin: /home/admin/Playground/ansible/kitty/playbook.yaml:31:34

29     - name: Extract kitty version from installed_kitty_info
30       ansible.builtin.set_fact:
31         installed_kitty_version: "{{ (installed_kitty_info | split(' '))[1] }}"
                                    ^ column 34


2026-08-16 13:50:57,892 p=26005 u=admin n=ansible INFO| fatal: [localhost]: FAILED! => {"changed": false, "msg": "Task failed: Finalization of task args for 'ansible.builtin.set_fact' failed: Error while resolving value for 'installed_kitty_version': The filter plugin 'ansible.builtin.split' failed: descriptor 'split' for 'str' objects doesn't apply to a '_AnsibleLazyTemplateDict' object"}
2026-08-16 13:50:57,893 p=26005 u=admin n=ansible INFO| PLAY RECAP *********************************************************************************************************************************************************************************************************
2026-08-16 13:50:57,893 p=26005 u=admin n=ansible INFO| localhost                  : ok=3    changed=1    unreachable=0    failed=1    skipped=0    rescued=0    ignored=0   
2026-08-16 13:53:19,946 p=26597 u=admin n=ansible INFO| Using /home/admin/Playground/ansible/kitty/ansible.cfg as config file
2026-08-16 13:53:20,194 p=26597 u=admin n=ansible INFO| PLAY [Testing kitty installation] **********************************************************************************************************************************************************************************
2026-08-16 13:53:20,205 p=26597 u=admin n=ansible INFO| TASK [Gathering Facts] *********************************************************************************************************************************************************************************************
2026-08-16 13:53:21,581 p=26597 u=admin n=ansible WARNING| [WARNING]: Host 'localhost' is using the discovered Python interpreter at '/usr/bin/python3.14', but future installation of another Python interpreter could cause a different interpreter to be discovered. See https://docs.ansible.com/ansible-core/2.20/reference_appendices/interpreter_discovery.html for more information.

2026-08-16 13:53:21,581 p=26597 u=admin n=ansible INFO| ok: [localhost]
2026-08-16 13:53:21,586 p=26597 u=admin n=ansible INFO| TASK [Create dirs if they don't exist] *****************************************************************************************************************************************************************************
2026-08-16 13:53:22,174 p=26597 u=admin n=ansible INFO| ok: [localhost] => (item=/home/admin/.ansible/tmp) => {"ansible_loop_var": "item", "changed": false, "gid": 1000, "group": "admin", "item": "/home/admin/.ansible/tmp", "mode": "0700", "owner": "admin", "path": "/home/admin/.ansible/tmp", "secontext": "unconfined_u:object_r:user_home_t:s0", "size": 212, "state": "directory", "uid": 1000}
2026-08-16 13:53:22,576 p=26597 u=admin n=ansible INFO| ok: [localhost] => (item=/home/admin/.local/kitty.app) => {"ansible_loop_var": "item", "changed": false, "gid": 1000, "group": "admin", "item": "/home/admin/.local/kitty.app", "mode": "0755", "owner": "admin", "path": "/home/admin/.local/kitty.app", "secontext": "unconfined_u:object_r:user_tmp_t:s0", "size": 22, "state": "directory", "uid": 1000}
2026-08-16 13:53:22,998 p=26597 u=admin n=ansible INFO| ok: [localhost] => (item=/home/admin/.local/bin) => {"ansible_loop_var": "item", "changed": false, "gid": 1000, "group": "admin", "item": "/home/admin/.local/bin", "mode": "0755", "owner": "admin", "path": "/home/admin/.local/bin", "secontext": "unconfined_u:object_r:gconf_home_t:s0", "size": 0, "state": "directory", "uid": 1000}
2026-08-16 13:53:23,005 p=26597 u=admin n=ansible INFO| TASK [Get info from kitty -v] **************************************************************************************************************************************************************************************
2026-08-16 13:53:23,562 p=26597 u=admin n=ansible INFO| changed: [localhost] => {"changed": true, "cmd": ["/home/admin/.local/kitty.app/bin/kitty", "-v"], "delta": "0:00:00.004751", "end": "2026-08-16 13:53:23.517648", "msg": "", "rc": 0, "start": "2026-08-16 13:53:23.512897", "stderr": "", "stderr_lines": [], "stdout": "kitty 0.48.2 created by Kovid Goyal", "stdout_lines": ["kitty 0.48.2 created by Kovid Goyal"]}
2026-08-16 13:53:23,568 p=26597 u=admin n=ansible INFO| TASK [Extract kitty version from installed_kitty_info] *************************************************************************************************************************************************************
2026-08-16 13:53:23,589 p=26597 u=admin n=ansible INFO| ok: [localhost] => {"ansible_facts": {"installed_kitty_version": {"changed": true, "cmd": ["/home/admin/.local/kitty.app/bin/kitty", "-v"], "delta": "0:00:00.004751", "end": "2026-08-16 13:53:23.517648", "failed": false, "msg": "", "rc": 0, "start": "2026-08-16 13:53:23.512897", "stderr": "", "stderr_lines": [], "stdout": "kitty 0.48.2 created by Kovid Goyal", "stdout_lines": ["kitty 0.48.2 created by Kovid Goyal"]}}, "changed": false}
2026-08-16 13:53:23,591 p=26597 u=admin n=ansible INFO| PLAY RECAP *********************************************************************************************************************************************************************************************************
2026-08-16 13:53:23,591 p=26597 u=admin n=ansible INFO| localhost                  : ok=4    changed=1    unreachable=0    failed=0    skipped=0    rescued=0    ignored=0   
2026-08-16 13:53:51,578 p=26792 u=admin n=ansible INFO| Using /home/admin/Playground/ansible/kitty/ansible.cfg as config file
2026-08-16 13:53:51,786 p=26792 u=admin n=ansible ERROR| [ERROR]: YAML parsing failed: Values starting with a quote must end with the same quote, and not contain that quote.
Origin: /home/admin/Playground/ansible/kitty/playbook.yaml:31:34

29     - name: Extract kitty version from installed_kitty_info
30       ansible.builtin.set_fact:
31         installed_kitty_version: "{{ (installed_kitty_info | split(" ")) }}"
                                    ^ column 34


For example:

    raw: "foo" in "bar"

Should be:

    raw: '"foo" in "bar"'


2026-08-16 13:54:02,474 p=26817 u=admin n=ansible INFO| Using /home/admin/Playground/ansible/kitty/ansible.cfg as config file
2026-08-16 13:54:02,712 p=26817 u=admin n=ansible INFO| PLAY [Testing kitty installation] **********************************************************************************************************************************************************************************
2026-08-16 13:54:02,723 p=26817 u=admin n=ansible INFO| TASK [Gathering Facts] *********************************************************************************************************************************************************************************************
2026-08-16 13:54:04,037 p=26817 u=admin n=ansible WARNING| [WARNING]: Host 'localhost' is using the discovered Python interpreter at '/usr/bin/python3.14', but future installation of another Python interpreter could cause a different interpreter to be discovered. See https://docs.ansible.com/ansible-core/2.20/reference_appendices/interpreter_discovery.html for more information.

2026-08-16 13:54:04,037 p=26817 u=admin n=ansible INFO| ok: [localhost]
2026-08-16 13:54:04,042 p=26817 u=admin n=ansible INFO| TASK [Create dirs if they don't exist] *****************************************************************************************************************************************************************************
2026-08-16 13:54:04,613 p=26817 u=admin n=ansible INFO| ok: [localhost] => (item=/home/admin/.ansible/tmp) => {"ansible_loop_var": "item", "changed": false, "gid": 1000, "group": "admin", "item": "/home/admin/.ansible/tmp", "mode": "0700", "owner": "admin", "path": "/home/admin/.ansible/tmp", "secontext": "unconfined_u:object_r:user_home_t:s0", "size": 212, "state": "directory", "uid": 1000}
2026-08-16 13:54:05,014 p=26817 u=admin n=ansible INFO| ok: [localhost] => (item=/home/admin/.local/kitty.app) => {"ansible_loop_var": "item", "changed": false, "gid": 1000, "group": "admin", "item": "/home/admin/.local/kitty.app", "mode": "0755", "owner": "admin", "path": "/home/admin/.local/kitty.app", "secontext": "unconfined_u:object_r:user_tmp_t:s0", "size": 22, "state": "directory", "uid": 1000}
2026-08-16 13:54:05,423 p=26817 u=admin n=ansible INFO| ok: [localhost] => (item=/home/admin/.local/bin) => {"ansible_loop_var": "item", "changed": false, "gid": 1000, "group": "admin", "item": "/home/admin/.local/bin", "mode": "0755", "owner": "admin", "path": "/home/admin/.local/bin", "secontext": "unconfined_u:object_r:gconf_home_t:s0", "size": 0, "state": "directory", "uid": 1000}
2026-08-16 13:54:05,431 p=26817 u=admin n=ansible INFO| TASK [Get info from kitty -v] **************************************************************************************************************************************************************************************
2026-08-16 13:54:05,981 p=26817 u=admin n=ansible INFO| changed: [localhost] => {"changed": true, "cmd": ["/home/admin/.local/kitty.app/bin/kitty", "-v"], "delta": "0:00:00.005047", "end": "2026-08-16 13:54:05.937012", "msg": "", "rc": 0, "start": "2026-08-16 13:54:05.931965", "stderr": "", "stderr_lines": [], "stdout": "kitty 0.48.2 created by Kovid Goyal", "stdout_lines": ["kitty 0.48.2 created by Kovid Goyal"]}
2026-08-16 13:54:05,986 p=26817 u=admin n=ansible INFO| TASK [Extract kitty version from installed_kitty_info] *************************************************************************************************************************************************************
2026-08-16 13:54:06,014 p=26817 u=admin n=ansible ERROR| [ERROR]: Task failed: Finalization of task args for 'ansible.builtin.set_fact' failed: Error while resolving value for 'installed_kitty_version': The filter plugin 'ansible.builtin.split' failed: descriptor 'split' for 'str' objects doesn't apply to a '_AnsibleLazyTemplateDict' object

Task failed.
Origin: /home/admin/Playground/ansible/kitty/playbook.yaml:29:7

27       register: installed_kitty_info
28
29     - name: Extract kitty version from installed_kitty_info
         ^ column 7

<<< caused by >>>

Finalization of task args for 'ansible.builtin.set_fact' failed.
Origin: /home/admin/Playground/ansible/kitty/playbook.yaml:30:7

28
29     - name: Extract kitty version from installed_kitty_info
30       ansible.builtin.set_fact:
         ^ column 7

<<< caused by >>>

Error while resolving value for 'installed_kitty_version': The filter plugin 'ansible.builtin.split' failed: descriptor 'split' for 'str' objects doesn't apply to a '_AnsibleLazyTemplateDict' object
Origin: /home/admin/Playground/ansible/kitty/playbook.yaml:31:34

29     - name: Extract kitty version from installed_kitty_info
30       ansible.builtin.set_fact:
31         installed_kitty_version: "{{ (installed_kitty_info | split(' ')) }}"
                                    ^ column 34


2026-08-16 13:54:06,014 p=26817 u=admin n=ansible INFO| fatal: [localhost]: FAILED! => {"changed": false, "msg": "Task failed: Finalization of task args for 'ansible.builtin.set_fact' failed: Error while resolving value for 'installed_kitty_version': The filter plugin 'ansible.builtin.split' failed: descriptor 'split' for 'str' objects doesn't apply to a '_AnsibleLazyTemplateDict' object"}
2026-08-16 13:54:06,015 p=26817 u=admin n=ansible INFO| PLAY RECAP *********************************************************************************************************************************************************************************************************
2026-08-16 13:54:06,015 p=26817 u=admin n=ansible INFO| localhost                  : ok=3    changed=1    unreachable=0    failed=1    skipped=0    rescued=0    ignored=0   
2026-08-16 13:59:06,473 p=28116 u=admin n=ansible INFO| Using /home/admin/Playground/ansible/kitty/ansible.cfg as config file
2026-08-16 13:59:06,723 p=28116 u=admin n=ansible INFO| PLAY [Testing kitty installation] **********************************************************************************************************************************************************************************
2026-08-16 13:59:06,734 p=28116 u=admin n=ansible INFO| TASK [Gathering Facts] *********************************************************************************************************************************************************************************************
2026-08-16 13:59:08,096 p=28116 u=admin n=ansible WARNING| [WARNING]: Host 'localhost' is using the discovered Python interpreter at '/usr/bin/python3.14', but future installation of another Python interpreter could cause a different interpreter to be discovered. See https://docs.ansible.com/ansible-core/2.20/reference_appendices/interpreter_discovery.html for more information.

2026-08-16 13:59:08,096 p=28116 u=admin n=ansible INFO| ok: [localhost]
2026-08-16 13:59:08,101 p=28116 u=admin n=ansible INFO| TASK [Check if Kitty is already installed.] ************************************************************************************************************************************************************************
2026-08-16 13:59:08,697 p=28116 u=admin n=ansible INFO| ok: [localhost] => {"changed": false, "stat": {"atime": 1786867549.4576566, "attr_flags": "", "attributes": [], "block_size": 4096, "blocks": 408, "charset": "binary", "checksum": "09f53ce371248bddb06401c9e0a1aecc056b9e1a", "ctime": 1786867549.4306564, "dev": 51, "device_type": 0, "executable": true, "exists": true, "gid": 1000, "gr_name": "admin", "inode": 62775, "isblk": false, "ischr": false, "isdir": false, "isfifo": false, "isgid": false, "islnk": false, "isreg": true, "issock": false, "isuid": false, "mimetype": "application/x-pie-executable", "mode": "0755", "mtime": 1785411326.6381469, "nlink": 1, "path": "/home/admin/.local/kitty.app/bin/kitty", "pw_name": "admin", "readable": true, "rgrp": true, "roth": true, "rusr": true, "size": 207656, "uid": 1000, "version": "313", "wgrp": false, "woth": false, "writeable": true, "wusr": true, "xgrp": true, "xoth": true, "xusr": true}}
2026-08-16 13:59:08,703 p=28116 u=admin n=ansible INFO| TASK [Get info from kitty -v] **************************************************************************************************************************************************************************************
2026-08-16 13:59:09,268 p=28116 u=admin n=ansible INFO| changed: [localhost] => {"changed": true, "cmd": ["/home/admin/.local/kitty.app/bin/kitty", "-v"], "delta": "0:00:00.004600", "end": "2026-08-16 13:59:09.222687", "msg": "", "rc": 0, "start": "2026-08-16 13:59:09.218087", "stderr": "", "stderr_lines": [], "stdout": "kitty 0.48.2 created by Kovid Goyal", "stdout_lines": ["kitty 0.48.2 created by Kovid Goyal"]}
2026-08-16 13:59:09,273 p=28116 u=admin n=ansible INFO| TASK [Extract kitty version from installed_kitty_info] *************************************************************************************************************************************************************
2026-08-16 13:59:09,305 p=28116 u=admin n=ansible ERROR| [ERROR]: Task failed: Finalization of task args for 'ansible.builtin.set_fact' failed: Error while resolving value for 'installed_kitty_version': The filter plugin 'ansible.builtin.split' failed: descriptor 'split' for 'str' objects doesn't apply to a '_AnsibleLazyTemplateDict' object

Task failed.
Origin: /home/admin/Playground/ansible/kitty/playbook.yaml:29:7

27       register: installed_kitty_info
28
29     - name: Extract kitty version from installed_kitty_info
         ^ column 7

<<< caused by >>>

Finalization of task args for 'ansible.builtin.set_fact' failed.
Origin: /home/admin/Playground/ansible/kitty/playbook.yaml:30:7

28
29     - name: Extract kitty version from installed_kitty_info
30       ansible.builtin.set_fact:
         ^ column 7

<<< caused by >>>

Error while resolving value for 'installed_kitty_version': The filter plugin 'ansible.builtin.split' failed: descriptor 'split' for 'str' objects doesn't apply to a '_AnsibleLazyTemplateDict' object
Origin: /home/admin/Playground/ansible/kitty/playbook.yaml:31:34

29     - name: Extract kitty version from installed_kitty_info
30       ansible.builtin.set_fact:
31         installed_kitty_version: "{{ (installed_kitty_info | split(' ')) }}"
                                    ^ column 34


2026-08-16 13:59:09,306 p=28116 u=admin n=ansible INFO| fatal: [localhost]: FAILED! => {"changed": false, "msg": "Task failed: Finalization of task args for 'ansible.builtin.set_fact' failed: Error while resolving value for 'installed_kitty_version': The filter plugin 'ansible.builtin.split' failed: descriptor 'split' for 'str' objects doesn't apply to a '_AnsibleLazyTemplateDict' object"}
2026-08-16 13:59:09,307 p=28116 u=admin n=ansible INFO| PLAY RECAP *********************************************************************************************************************************************************************************************************
2026-08-16 13:59:09,307 p=28116 u=admin n=ansible INFO| localhost                  : ok=3    changed=1    unreachable=0    failed=1    skipped=0    rescued=0    ignored=0   
2026-08-16 14:02:24,642 p=28764 u=admin n=ansible INFO| Using /home/admin/Playground/ansible/kitty/ansible.cfg as config file
2026-08-16 14:02:24,886 p=28764 u=admin n=ansible INFO| PLAY [Testing kitty installation] **********************************************************************************************************************************************************************************
2026-08-16 14:02:24,897 p=28764 u=admin n=ansible INFO| TASK [Gathering Facts] *********************************************************************************************************************************************************************************************
2026-08-16 14:02:26,211 p=28764 u=admin n=ansible WARNING| [WARNING]: Host 'localhost' is using the discovered Python interpreter at '/usr/bin/python3.14', but future installation of another Python interpreter could cause a different interpreter to be discovered. See https://docs.ansible.com/ansible-core/2.20/reference_appendices/interpreter_discovery.html for more information.

2026-08-16 14:02:26,211 p=28764 u=admin n=ansible INFO| ok: [localhost]
2026-08-16 14:02:26,216 p=28764 u=admin n=ansible INFO| TASK [Check if Kitty is installed.] ********************************************************************************************************************************************************************************
2026-08-16 14:02:26,777 p=28764 u=admin n=ansible INFO| ok: [localhost] => {"changed": false, "stat": {"atime": 1786867549.4576566, "attr_flags": "", "attributes": [], "block_size": 4096, "blocks": 408, "charset": "binary", "checksum": "09f53ce371248bddb06401c9e0a1aecc056b9e1a", "ctime": 1786867549.4306564, "dev": 51, "device_type": 0, "executable": true, "exists": true, "gid": 1000, "gr_name": "admin", "inode": 62775, "isblk": false, "ischr": false, "isdir": false, "isfifo": false, "isgid": false, "islnk": false, "isreg": true, "issock": false, "isuid": false, "mimetype": "application/x-pie-executable", "mode": "0755", "mtime": 1785411326.6381469, "nlink": 1, "path": "/home/admin/.local/kitty.app/bin/kitty", "pw_name": "admin", "readable": true, "rgrp": true, "roth": true, "rusr": true, "size": 207656, "uid": 1000, "version": "313", "wgrp": false, "woth": false, "writeable": true, "wusr": true, "xgrp": true, "xoth": true, "xusr": true}}
2026-08-16 14:02:26,784 p=28764 u=admin n=ansible INFO| TASK [Get info from kitty -v] **************************************************************************************************************************************************************************************
2026-08-16 14:02:27,343 p=28764 u=admin n=ansible INFO| ok: [localhost] => {"changed": false, "cmd": ["/home/admin/.local/kitty.app/bin/kitty", "-v"], "delta": "0:00:00.004843", "end": "2026-08-16 14:02:27.297822", "msg": "", "rc": 0, "start": "2026-08-16 14:02:27.292979", "stderr": "", "stderr_lines": [], "stdout": "kitty 0.48.2 created by Kovid Goyal", "stdout_lines": ["kitty 0.48.2 created by Kovid Goyal"]}
2026-08-16 14:02:27,349 p=28764 u=admin n=ansible INFO| TASK [Extract kitty version from installed_kitty_info] *************************************************************************************************************************************************************
2026-08-16 14:02:27,382 p=28764 u=admin n=ansible ERROR| [ERROR]: Task failed: Finalization of task args for 'ansible.builtin.set_fact' failed: Error while resolving value for 'installed_kitty_version': The filter plugin 'ansible.builtin.split' failed: descriptor 'split' for 'str' objects doesn't apply to a '_AnsibleLazyTemplateDict' object

Task failed.
Origin: /home/admin/Playground/ansible/kitty/playbook.yaml:31:7

29       changed_when: false
30
31     - name: Extract kitty version from installed_kitty_info
         ^ column 7

<<< caused by >>>

Finalization of task args for 'ansible.builtin.set_fact' failed.
Origin: /home/admin/Playground/ansible/kitty/playbook.yaml:32:7

30
31     - name: Extract kitty version from installed_kitty_info
32       ansible.builtin.set_fact:
         ^ column 7

<<< caused by >>>

Error while resolving value for 'installed_kitty_version': The filter plugin 'ansible.builtin.split' failed: descriptor 'split' for 'str' objects doesn't apply to a '_AnsibleLazyTemplateDict' object
Origin: /home/admin/Playground/ansible/kitty/playbook.yaml:33:34

31     - name: Extract kitty version from installed_kitty_info
32       ansible.builtin.set_fact:
33         installed_kitty_version: "{{ installed_kitty_info | split(' ') }}"
                                    ^ column 34


2026-08-16 14:02:27,382 p=28764 u=admin n=ansible INFO| fatal: [localhost]: FAILED! => {"changed": false, "msg": "Task failed: Finalization of task args for 'ansible.builtin.set_fact' failed: Error while resolving value for 'installed_kitty_version': The filter plugin 'ansible.builtin.split' failed: descriptor 'split' for 'str' objects doesn't apply to a '_AnsibleLazyTemplateDict' object"}
2026-08-16 14:02:27,383 p=28764 u=admin n=ansible INFO| PLAY RECAP *********************************************************************************************************************************************************************************************************
2026-08-16 14:02:27,383 p=28764 u=admin n=ansible INFO| localhost                  : ok=3    changed=0    unreachable=0    failed=1    skipped=0    rescued=0    ignored=0   
2026-08-16 14:06:58,841 p=29772 u=admin n=ansible INFO| Using /home/admin/Playground/ansible/kitty/ansible.cfg as config file
2026-08-16 14:06:59,061 p=29772 u=admin n=ansible ERROR| [ERROR]: YAML parsing failed: This may be an issue with missing quotes around a template block.
Origin: /home/admin/Playground/ansible/kitty/playbook.yaml:33:34

31     - name: Extract kitty version from installed_kitty_info
32       ansible.builtin.set_fact:
33         installed_kitty_version: {{ installed_kitty_info | split(" ") }}
                                    ^ column 34


For example:

    raw: {{ some_var }}

Should be:

    raw: "{{ some_var }}"


2026-08-16 14:07:28,677 p=30073 u=admin n=ansible INFO| Using /home/admin/Playground/ansible/kitty/ansible.cfg as config file
2026-08-16 14:07:28,921 p=30073 u=admin n=ansible INFO| PLAY [Testing kitty installation] **********************************************************************************************************************************************************************************
2026-08-16 14:07:28,932 p=30073 u=admin n=ansible INFO| TASK [Gathering Facts] *********************************************************************************************************************************************************************************************
2026-08-16 14:07:30,291 p=30073 u=admin n=ansible WARNING| [WARNING]: Host 'localhost' is using the discovered Python interpreter at '/usr/bin/python3.14', but future installation of another Python interpreter could cause a different interpreter to be discovered. See https://docs.ansible.com/ansible-core/2.20/reference_appendices/interpreter_discovery.html for more information.

2026-08-16 14:07:30,292 p=30073 u=admin n=ansible INFO| ok: [localhost]
2026-08-16 14:07:30,297 p=30073 u=admin n=ansible INFO| TASK [Check if Kitty is installed.] ********************************************************************************************************************************************************************************
2026-08-16 14:07:30,853 p=30073 u=admin n=ansible INFO| ok: [localhost] => {"changed": false, "stat": {"atime": 1786867549.4576566, "attr_flags": "", "attributes": [], "block_size": 4096, "blocks": 408, "charset": "binary", "checksum": "09f53ce371248bddb06401c9e0a1aecc056b9e1a", "ctime": 1786867549.4306564, "dev": 51, "device_type": 0, "executable": true, "exists": true, "gid": 1000, "gr_name": "admin", "inode": 62775, "isblk": false, "ischr": false, "isdir": false, "isfifo": false, "isgid": false, "islnk": false, "isreg": true, "issock": false, "isuid": false, "mimetype": "application/x-pie-executable", "mode": "0755", "mtime": 1785411326.6381469, "nlink": 1, "path": "/home/admin/.local/kitty.app/bin/kitty", "pw_name": "admin", "readable": true, "rgrp": true, "roth": true, "rusr": true, "size": 207656, "uid": 1000, "version": "313", "wgrp": false, "woth": false, "writeable": true, "wusr": true, "xgrp": true, "xoth": true, "xusr": true}}
2026-08-16 14:07:30,859 p=30073 u=admin n=ansible INFO| TASK [Get info from kitty -v] **************************************************************************************************************************************************************************************
2026-08-16 14:07:31,431 p=30073 u=admin n=ansible INFO| ok: [localhost] => {"changed": false, "cmd": ["/home/admin/.local/kitty.app/bin/kitty", "-v"], "delta": "0:00:00.004743", "end": "2026-08-16 14:07:31.386376", "msg": "", "rc": 0, "start": "2026-08-16 14:07:31.381633", "stderr": "", "stderr_lines": [], "stdout": "kitty 0.48.2 created by Kovid Goyal", "stdout_lines": ["kitty 0.48.2 created by Kovid Goyal"]}
2026-08-16 14:07:31,437 p=30073 u=admin n=ansible INFO| TASK [Extract kitty version from installed_kitty_info] *************************************************************************************************************************************************************
2026-08-16 14:07:31,468 p=30073 u=admin n=ansible ERROR| [ERROR]: Task failed: Finalization of task args for 'ansible.builtin.set_fact' failed: Error while resolving value for 'installed_kitty_version': The filter plugin 'ansible.builtin.split' failed: descriptor 'split' for 'str' objects doesn't apply to a '_AnsibleLazyTemplateDict' object

Task failed.
Origin: /home/admin/Playground/ansible/kitty/playbook.yaml:31:7

29       changed_when: false
30
31     - name: Extract kitty version from installed_kitty_info
         ^ column 7

<<< caused by >>>

Finalization of task args for 'ansible.builtin.set_fact' failed.
Origin: /home/admin/Playground/ansible/kitty/playbook.yaml:32:7

30
31     - name: Extract kitty version from installed_kitty_info
32       ansible.builtin.set_fact:
         ^ column 7

<<< caused by >>>

Error while resolving value for 'installed_kitty_version': The filter plugin 'ansible.builtin.split' failed: descriptor 'split' for 'str' objects doesn't apply to a '_AnsibleLazyTemplateDict' object
Origin: /home/admin/Playground/ansible/kitty/playbook.yaml:33:34

31     - name: Extract kitty version from installed_kitty_info
32       ansible.builtin.set_fact:
33         installed_kitty_version: "{{ installed_kitty_info | split(' ') }}"
                                    ^ column 34


2026-08-16 14:07:31,469 p=30073 u=admin n=ansible INFO| fatal: [localhost]: FAILED! => {"changed": false, "msg": "Task failed: Finalization of task args for 'ansible.builtin.set_fact' failed: Error while resolving value for 'installed_kitty_version': The filter plugin 'ansible.builtin.split' failed: descriptor 'split' for 'str' objects doesn't apply to a '_AnsibleLazyTemplateDict' object"}
2026-08-16 14:07:31,470 p=30073 u=admin n=ansible INFO| PLAY RECAP *********************************************************************************************************************************************************************************************************
2026-08-16 14:07:31,470 p=30073 u=admin n=ansible INFO| localhost                  : ok=3    changed=0    unreachable=0    failed=1    skipped=0    rescued=0    ignored=0   
2026-08-16 14:12:57,428 p=31044 u=admin n=ansible INFO| Using /home/admin/Playground/ansible/kitty/ansible.cfg as config file
2026-08-16 14:12:57,679 p=31044 u=admin n=ansible INFO| PLAY [Testing kitty installation] **********************************************************************************************************************************************************************************
2026-08-16 14:12:57,690 p=31044 u=admin n=ansible INFO| TASK [Gathering Facts] *********************************************************************************************************************************************************************************************
2026-08-16 14:12:59,065 p=31044 u=admin n=ansible WARNING| [WARNING]: Host 'localhost' is using the discovered Python interpreter at '/usr/bin/python3.14', but future installation of another Python interpreter could cause a different interpreter to be discovered. See https://docs.ansible.com/ansible-core/2.20/reference_appendices/interpreter_discovery.html for more information.

2026-08-16 14:12:59,065 p=31044 u=admin n=ansible INFO| ok: [localhost]
2026-08-16 14:12:59,070 p=31044 u=admin n=ansible INFO| TASK [Check if Kitty is installed.] ********************************************************************************************************************************************************************************
2026-08-16 14:12:59,661 p=31044 u=admin n=ansible INFO| ok: [localhost] => {"changed": false, "stat": {"atime": 1786867549.4576566, "attr_flags": "", "attributes": [], "block_size": 4096, "blocks": 408, "charset": "binary", "checksum": "09f53ce371248bddb06401c9e0a1aecc056b9e1a", "ctime": 1786867549.4306564, "dev": 51, "device_type": 0, "executable": true, "exists": true, "gid": 1000, "gr_name": "admin", "inode": 62775, "isblk": false, "ischr": false, "isdir": false, "isfifo": false, "isgid": false, "islnk": false, "isreg": true, "issock": false, "isuid": false, "mimetype": "application/x-pie-executable", "mode": "0755", "mtime": 1785411326.6381469, "nlink": 1, "path": "/home/admin/.local/kitty.app/bin/kitty", "pw_name": "admin", "readable": true, "rgrp": true, "roth": true, "rusr": true, "size": 207656, "uid": 1000, "version": "313", "wgrp": false, "woth": false, "writeable": true, "wusr": true, "xgrp": true, "xoth": true, "xusr": true}}
2026-08-16 14:12:59,667 p=31044 u=admin n=ansible INFO| TASK [Get info from kitty -v] **************************************************************************************************************************************************************************************
2026-08-16 14:13:00,229 p=31044 u=admin n=ansible INFO| ok: [localhost] => {"changed": false, "cmd": ["/home/admin/.local/kitty.app/bin/kitty", "-v"], "delta": "0:00:00.004822", "end": "2026-08-16 14:13:00.184102", "msg": "", "rc": 0, "start": "2026-08-16 14:13:00.179280", "stderr": "", "stderr_lines": [], "stdout": "kitty 0.48.2 created by Kovid Goyal", "stdout_lines": ["kitty 0.48.2 created by Kovid Goyal"]}
2026-08-16 14:13:00,235 p=31044 u=admin n=ansible INFO| TASK [Extract kitty version from installed_kitty_info] *************************************************************************************************************************************************************
2026-08-16 14:13:00,268 p=31044 u=admin n=ansible INFO| ok: [localhost] => {"ansible_facts": {"installed_kitty_version": ["kitty", "0.48.2", "created", "by", "Kovid", "Goyal"]}, "changed": false}
2026-08-16 14:13:00,274 p=31044 u=admin n=ansible INFO| TASK [Create dirs if they don't exist] *****************************************************************************************************************************************************************************
2026-08-16 14:13:00,854 p=31044 u=admin n=ansible INFO| ok: [localhost] => (item=/home/admin/.ansible/tmp) => {"ansible_loop_var": "item", "changed": false, "gid": 1000, "group": "admin", "item": "/home/admin/.ansible/tmp", "mode": "0700", "owner": "admin", "path": "/home/admin/.ansible/tmp", "secontext": "unconfined_u:object_r:user_home_t:s0", "size": 212, "state": "directory", "uid": 1000}
2026-08-16 14:13:01,256 p=31044 u=admin n=ansible INFO| ok: [localhost] => (item=/home/admin/.local/kitty.app) => {"ansible_loop_var": "item", "changed": false, "gid": 1000, "group": "admin", "item": "/home/admin/.local/kitty.app", "mode": "0755", "owner": "admin", "path": "/home/admin/.local/kitty.app", "secontext": "unconfined_u:object_r:user_tmp_t:s0", "size": 22, "state": "directory", "uid": 1000}
2026-08-16 14:13:01,657 p=31044 u=admin n=ansible INFO| ok: [localhost] => (item=/home/admin/.local/bin) => {"ansible_loop_var": "item", "changed": false, "gid": 1000, "group": "admin", "item": "/home/admin/.local/bin", "mode": "0755", "owner": "admin", "path": "/home/admin/.local/bin", "secontext": "unconfined_u:object_r:gconf_home_t:s0", "size": 0, "state": "directory", "uid": 1000}
2026-08-16 14:13:01,660 p=31044 u=admin n=ansible INFO| PLAY RECAP *********************************************************************************************************************************************************************************************************
2026-08-16 14:13:01,661 p=31044 u=admin n=ansible INFO| localhost                  : ok=5    changed=0    unreachable=0    failed=0    skipped=0    rescued=0    ignored=0   
2026-08-16 14:13:11,155 p=31201 u=admin n=ansible INFO| Using /home/admin/Playground/ansible/kitty/ansible.cfg as config file
2026-08-16 14:13:11,394 p=31201 u=admin n=ansible INFO| PLAY [Testing kitty installation] **********************************************************************************************************************************************************************************
2026-08-16 14:13:11,407 p=31201 u=admin n=ansible INFO| TASK [Gathering Facts] *********************************************************************************************************************************************************************************************
2026-08-16 14:13:12,750 p=31201 u=admin n=ansible WARNING| [WARNING]: Host 'localhost' is using the discovered Python interpreter at '/usr/bin/python3.14', but future installation of another Python interpreter could cause a different interpreter to be discovered. See https://docs.ansible.com/ansible-core/2.20/reference_appendices/interpreter_discovery.html for more information.

2026-08-16 14:13:12,750 p=31201 u=admin n=ansible INFO| ok: [localhost]
2026-08-16 14:13:12,755 p=31201 u=admin n=ansible INFO| TASK [Check if Kitty is installed.] ********************************************************************************************************************************************************************************
2026-08-16 14:13:13,316 p=31201 u=admin n=ansible INFO| ok: [localhost] => {"changed": false, "stat": {"atime": 1786867549.4576566, "attr_flags": "", "attributes": [], "block_size": 4096, "blocks": 408, "charset": "binary", "checksum": "09f53ce371248bddb06401c9e0a1aecc056b9e1a", "ctime": 1786867549.4306564, "dev": 51, "device_type": 0, "executable": true, "exists": true, "gid": 1000, "gr_name": "admin", "inode": 62775, "isblk": false, "ischr": false, "isdir": false, "isfifo": false, "isgid": false, "islnk": false, "isreg": true, "issock": false, "isuid": false, "mimetype": "application/x-pie-executable", "mode": "0755", "mtime": 1785411326.6381469, "nlink": 1, "path": "/home/admin/.local/kitty.app/bin/kitty", "pw_name": "admin", "readable": true, "rgrp": true, "roth": true, "rusr": true, "size": 207656, "uid": 1000, "version": "313", "wgrp": false, "woth": false, "writeable": true, "wusr": true, "xgrp": true, "xoth": true, "xusr": true}}
2026-08-16 14:13:13,323 p=31201 u=admin n=ansible INFO| TASK [Get info from kitty -v] **************************************************************************************************************************************************************************************
2026-08-16 14:13:13,883 p=31201 u=admin n=ansible INFO| ok: [localhost] => {"changed": false, "cmd": ["/home/admin/.local/kitty.app/bin/kitty", "-v"], "delta": "0:00:00.004602", "end": "2026-08-16 14:13:13.838287", "msg": "", "rc": 0, "start": "2026-08-16 14:13:13.833685", "stderr": "", "stderr_lines": [], "stdout": "kitty 0.48.2 created by Kovid Goyal", "stdout_lines": ["kitty 0.48.2 created by Kovid Goyal"]}
2026-08-16 14:13:13,889 p=31201 u=admin n=ansible INFO| TASK [Extract kitty version from installed_kitty_info] *************************************************************************************************************************************************************
2026-08-16 14:13:13,923 p=31201 u=admin n=ansible INFO| ok: [localhost] => {"ansible_facts": {"installed_kitty_version": "0.48.2"}, "changed": false}
2026-08-16 14:13:13,928 p=31201 u=admin n=ansible INFO| TASK [Create dirs if they don't exist] *****************************************************************************************************************************************************************************
2026-08-16 14:13:14,515 p=31201 u=admin n=ansible INFO| ok: [localhost] => (item=/home/admin/.ansible/tmp) => {"ansible_loop_var": "item", "changed": false, "gid": 1000, "group": "admin", "item": "/home/admin/.ansible/tmp", "mode": "0700", "owner": "admin", "path": "/home/admin/.ansible/tmp", "secontext": "unconfined_u:object_r:user_home_t:s0", "size": 212, "state": "directory", "uid": 1000}
2026-08-16 14:13:14,918 p=31201 u=admin n=ansible INFO| ok: [localhost] => (item=/home/admin/.local/kitty.app) => {"ansible_loop_var": "item", "changed": false, "gid": 1000, "group": "admin", "item": "/home/admin/.local/kitty.app", "mode": "0755", "owner": "admin", "path": "/home/admin/.local/kitty.app", "secontext": "unconfined_u:object_r:user_tmp_t:s0", "size": 22, "state": "directory", "uid": 1000}
2026-08-16 14:13:15,325 p=31201 u=admin n=ansible INFO| ok: [localhost] => (item=/home/admin/.local/bin) => {"ansible_loop_var": "item", "changed": false, "gid": 1000, "group": "admin", "item": "/home/admin/.local/bin", "mode": "0755", "owner": "admin", "path": "/home/admin/.local/bin", "secontext": "unconfined_u:object_r:gconf_home_t:s0", "size": 0, "state": "directory", "uid": 1000}
2026-08-16 14:13:15,327 p=31201 u=admin n=ansible INFO| PLAY RECAP *********************************************************************************************************************************************************************************************************
2026-08-16 14:13:15,328 p=31201 u=admin n=ansible INFO| localhost                  : ok=5    changed=0    unreachable=0    failed=0    skipped=0    rescued=0    ignored=0   
2026-08-16 14:15:17,933 p=31657 u=admin n=ansible INFO| Using /home/admin/Playground/ansible/kitty/ansible.cfg as config file
2026-08-16 14:15:18,175 p=31657 u=admin n=ansible INFO| PLAY [Testing kitty installation] **********************************************************************************************************************************************************************************
2026-08-16 14:15:18,186 p=31657 u=admin n=ansible INFO| TASK [Gathering Facts] *********************************************************************************************************************************************************************************************
2026-08-16 14:15:19,507 p=31657 u=admin n=ansible WARNING| [WARNING]: Host 'localhost' is using the discovered Python interpreter at '/usr/bin/python3.14', but future installation of another Python interpreter could cause a different interpreter to be discovered. See https://docs.ansible.com/ansible-core/2.20/reference_appendices/interpreter_discovery.html for more information.

2026-08-16 14:15:19,507 p=31657 u=admin n=ansible INFO| ok: [localhost]
2026-08-16 14:15:19,512 p=31657 u=admin n=ansible INFO| TASK [Check if Kitty is installed.] ********************************************************************************************************************************************************************************
2026-08-16 14:15:20,072 p=31657 u=admin n=ansible INFO| ok: [localhost] => {"changed": false, "stat": {"atime": 1786867549.4576566, "attr_flags": "", "attributes": [], "block_size": 4096, "blocks": 408, "charset": "binary", "checksum": "09f53ce371248bddb06401c9e0a1aecc056b9e1a", "ctime": 1786867549.4306564, "dev": 51, "device_type": 0, "executable": true, "exists": true, "gid": 1000, "gr_name": "admin", "inode": 62775, "isblk": false, "ischr": false, "isdir": false, "isfifo": false, "isgid": false, "islnk": false, "isreg": true, "issock": false, "isuid": false, "mimetype": "application/x-pie-executable", "mode": "0755", "mtime": 1785411326.6381469, "nlink": 1, "path": "/home/admin/.local/kitty.app/bin/kitty", "pw_name": "admin", "readable": true, "rgrp": true, "roth": true, "rusr": true, "size": 207656, "uid": 1000, "version": "313", "wgrp": false, "woth": false, "writeable": true, "wusr": true, "xgrp": true, "xoth": true, "xusr": true}}
2026-08-16 14:15:20,078 p=31657 u=admin n=ansible INFO| TASK [Get info from kitty -v] **************************************************************************************************************************************************************************************
2026-08-16 14:15:20,633 p=31657 u=admin n=ansible INFO| ok: [localhost] => {"changed": false, "cmd": ["/home/admin/.local/kitty.app/bin/kitty", "-v"], "delta": "0:00:00.004665", "end": "2026-08-16 14:15:20.588777", "msg": "", "rc": 0, "start": "2026-08-16 14:15:20.584112", "stderr": "", "stderr_lines": [], "stdout": "kitty 0.48.2 created by Kovid Goyal", "stdout_lines": ["kitty 0.48.2 created by Kovid Goyal"]}
2026-08-16 14:15:20,639 p=31657 u=admin n=ansible INFO| TASK [Extract kitty version from installed_kitty_info] *************************************************************************************************************************************************************
2026-08-16 14:15:20,667 p=31657 u=admin n=ansible INFO| ok: [localhost] => {"ansible_facts": {"installed_kitty_version": "0.48.2"}, "changed": false}
2026-08-16 14:15:20,673 p=31657 u=admin n=ansible INFO| TASK [Create dirs if they don't exist] *****************************************************************************************************************************************************************************
2026-08-16 14:15:21,247 p=31657 u=admin n=ansible INFO| ok: [localhost] => (item=/home/admin/.ansible/tmp) => {"ansible_loop_var": "item", "changed": false, "gid": 1000, "group": "admin", "item": "/home/admin/.ansible/tmp", "mode": "0700", "owner": "admin", "path": "/home/admin/.ansible/tmp", "secontext": "unconfined_u:object_r:user_home_t:s0", "size": 210, "state": "directory", "uid": 1000}
2026-08-16 14:15:21,654 p=31657 u=admin n=ansible INFO| ok: [localhost] => (item=/home/admin/.local/kitty.app) => {"ansible_loop_var": "item", "changed": false, "gid": 1000, "group": "admin", "item": "/home/admin/.local/kitty.app", "mode": "0755", "owner": "admin", "path": "/home/admin/.local/kitty.app", "secontext": "unconfined_u:object_r:user_tmp_t:s0", "size": 22, "state": "directory", "uid": 1000}
2026-08-16 14:15:22,069 p=31657 u=admin n=ansible INFO| ok: [localhost] => (item=/home/admin/.local/bin) => {"ansible_loop_var": "item", "changed": false, "gid": 1000, "group": "admin", "item": "/home/admin/.local/bin", "mode": "0755", "owner": "admin", "path": "/home/admin/.local/bin", "secontext": "unconfined_u:object_r:gconf_home_t:s0", "size": 0, "state": "directory", "uid": 1000}
2026-08-16 14:15:22,072 p=31657 u=admin n=ansible INFO| PLAY RECAP *********************************************************************************************************************************************************************************************************
2026-08-16 14:15:22,073 p=31657 u=admin n=ansible INFO| localhost                  : ok=5    changed=0    unreachable=0    failed=0    skipped=0    rescued=0    ignored=0   
2026-08-16 14:18:52,259 p=32347 u=admin n=ansible INFO| Using /home/admin/Playground/ansible/kitty/ansible.cfg as config file
2026-08-16 14:18:52,503 p=32347 u=admin n=ansible INFO| PLAY [Testing kitty installation] **********************************************************************************************************************************************************************************
2026-08-16 14:18:52,515 p=32347 u=admin n=ansible INFO| TASK [Gathering Facts] *********************************************************************************************************************************************************************************************
2026-08-16 14:18:53,857 p=32347 u=admin n=ansible WARNING| [WARNING]: Host 'localhost' is using the discovered Python interpreter at '/usr/bin/python3.14', but future installation of another Python interpreter could cause a different interpreter to be discovered. See https://docs.ansible.com/ansible-core/2.20/reference_appendices/interpreter_discovery.html for more information.

2026-08-16 14:18:53,857 p=32347 u=admin n=ansible INFO| ok: [localhost]
2026-08-16 14:18:53,862 p=32347 u=admin n=ansible INFO| TASK [Check if Kitty is installed.] ********************************************************************************************************************************************************************************
2026-08-16 14:18:54,423 p=32347 u=admin n=ansible INFO| ok: [localhost] => {"changed": false, "stat": {"atime": 1786867549.4576566, "attr_flags": "", "attributes": [], "block_size": 4096, "blocks": 408, "charset": "binary", "checksum": "09f53ce371248bddb06401c9e0a1aecc056b9e1a", "ctime": 1786867549.4306564, "dev": 51, "device_type": 0, "executable": true, "exists": true, "gid": 1000, "gr_name": "admin", "inode": 62775, "isblk": false, "ischr": false, "isdir": false, "isfifo": false, "isgid": false, "islnk": false, "isreg": true, "issock": false, "isuid": false, "mimetype": "application/x-pie-executable", "mode": "0755", "mtime": 1785411326.6381469, "nlink": 1, "path": "/home/admin/.local/kitty.app/bin/kitty", "pw_name": "admin", "readable": true, "rgrp": true, "roth": true, "rusr": true, "size": 207656, "uid": 1000, "version": "313", "wgrp": false, "woth": false, "writeable": true, "wusr": true, "xgrp": true, "xoth": true, "xusr": true}}
2026-08-16 14:18:54,428 p=32347 u=admin n=ansible INFO| TASK [Get info from kitty -v] **************************************************************************************************************************************************************************************
2026-08-16 14:18:54,984 p=32347 u=admin n=ansible INFO| ok: [localhost] => {"changed": false, "cmd": ["/home/admin/.local/kitty.app/bin/kitty", "-v"], "delta": "0:00:00.004642", "end": "2026-08-16 14:18:54.941047", "msg": "", "rc": 0, "start": "2026-08-16 14:18:54.936405", "stderr": "", "stderr_lines": [], "stdout": "kitty 0.48.2 created by Kovid Goyal", "stdout_lines": ["kitty 0.48.2 created by Kovid Goyal"]}
2026-08-16 14:18:54,990 p=32347 u=admin n=ansible INFO| TASK [Extract kitty version from installed_kitty_info] *************************************************************************************************************************************************************
2026-08-16 14:18:55,018 p=32347 u=admin n=ansible INFO| ok: [localhost] => {"ansible_facts": {"installed_kitty_version": "0.48.2"}, "changed": false}
2026-08-16 14:18:55,023 p=32347 u=admin n=ansible INFO| TASK [Create dirs if they don't exist] *****************************************************************************************************************************************************************************
2026-08-16 14:18:55,055 p=32347 u=admin n=ansible INFO| skipping: [localhost] => (item=/home/admin/.ansible/tmp)  => {"ansible_loop_var": "item", "changed": false, "false_condition": "kitty_binary.stat.executable is not defined or installed_kitty_version != kitty_version\n", "item": "/home/admin/.ansible/tmp", "skip_reason": "Conditional result was False"}
2026-08-16 14:18:55,058 p=32347 u=admin n=ansible INFO| skipping: [localhost] => (item=/home/admin/.local/kitty.app)  => {"ansible_loop_var": "item", "changed": false, "false_condition": "kitty_binary.stat.executable is not defined or installed_kitty_version != kitty_version\n", "item": "/home/admin/.local/kitty.app", "skip_reason": "Conditional result was False"}
2026-08-16 14:18:55,063 p=32347 u=admin n=ansible INFO| skipping: [localhost] => (item=/home/admin/.local/bin)  => {"ansible_loop_var": "item", "changed": false, "false_condition": "kitty_binary.stat.executable is not defined or installed_kitty_version != kitty_version\n", "item": "/home/admin/.local/bin", "skip_reason": "Conditional result was False"}
2026-08-16 14:18:55,064 p=32347 u=admin n=ansible INFO| skipping: [localhost] => {"changed": false, "msg": "All items skipped"}
2026-08-16 14:18:55,065 p=32347 u=admin n=ansible INFO| PLAY RECAP *********************************************************************************************************************************************************************************************************
2026-08-16 14:18:55,066 p=32347 u=admin n=ansible INFO| localhost                  : ok=4    changed=0    unreachable=0    failed=0    skipped=1    rescued=0    ignored=0   
2026-08-16 14:33:30,918 p=34415 u=admin n=ansible INFO| Using /home/admin/Playground/ansible/kitty/ansible.cfg as config file
2026-08-16 14:33:31,159 p=34415 u=admin n=ansible INFO| PLAY [Testing kitty installation] **********************************************************************************************************************************************************************************
2026-08-16 14:33:31,170 p=34415 u=admin n=ansible INFO| TASK [Gathering Facts] *********************************************************************************************************************************************************************************************
2026-08-16 14:33:32,597 p=34415 u=admin n=ansible WARNING| [WARNING]: Host 'localhost' is using the discovered Python interpreter at '/usr/bin/python3.14', but future installation of another Python interpreter could cause a different interpreter to be discovered. See https://docs.ansible.com/ansible-core/2.20/reference_appendices/interpreter_discovery.html for more information.

2026-08-16 14:33:32,597 p=34415 u=admin n=ansible INFO| ok: [localhost]
2026-08-16 14:33:32,606 p=34415 u=admin n=ansible INFO| TASK [Check if Kitty is installed.] ********************************************************************************************************************************************************************************
2026-08-16 14:33:33,176 p=34415 u=admin n=ansible INFO| ok: [localhost] => {"changed": false, "stat": {"atime": 1786867549.4576566, "attr_flags": "", "attributes": [], "block_size": 4096, "blocks": 408, "charset": "binary", "checksum": "09f53ce371248bddb06401c9e0a1aecc056b9e1a", "ctime": 1786867549.4306564, "dev": 51, "device_type": 0, "executable": true, "exists": true, "gid": 1000, "gr_name": "admin", "inode": 62775, "isblk": false, "ischr": false, "isdir": false, "isfifo": false, "isgid": false, "islnk": false, "isreg": true, "issock": false, "isuid": false, "mimetype": "application/x-pie-executable", "mode": "0755", "mtime": 1785411326.6381469, "nlink": 1, "path": "/home/admin/.local/kitty.app/bin/kitty", "pw_name": "admin", "readable": true, "rgrp": true, "roth": true, "rusr": true, "size": 207656, "uid": 1000, "version": "313", "wgrp": false, "woth": false, "writeable": true, "wusr": true, "xgrp": true, "xoth": true, "xusr": true}}
2026-08-16 14:33:33,184 p=34415 u=admin n=ansible INFO| TASK [Get info from kitty -v] **************************************************************************************************************************************************************************************
2026-08-16 14:33:33,739 p=34415 u=admin n=ansible INFO| ok: [localhost] => {"changed": false, "cmd": ["/home/admin/.local/kitty.app/bin/kitty", "-v"], "delta": "0:00:00.004731", "end": "2026-08-16 14:33:33.694396", "msg": "", "rc": 0, "start": "2026-08-16 14:33:33.689665", "stderr": "", "stderr_lines": [], "stdout": "kitty 0.48.2 created by Kovid Goyal", "stdout_lines": ["kitty 0.48.2 created by Kovid Goyal"]}
2026-08-16 14:33:33,745 p=34415 u=admin n=ansible INFO| TASK [Extract kitty version from installed_kitty_info] *************************************************************************************************************************************************************
2026-08-16 14:33:33,774 p=34415 u=admin n=ansible INFO| ok: [localhost] => {"ansible_facts": {"installed_kitty_version": "0.48.2"}, "changed": false}
2026-08-16 14:33:33,779 p=34415 u=admin n=ansible INFO| TASK [Create dirs if they don't exist] *****************************************************************************************************************************************************************************
2026-08-16 14:33:33,811 p=34415 u=admin n=ansible INFO| skipping: [localhost] => (item=/home/admin/.ansible/tmp)  => {"ansible_loop_var": "item", "changed": false, "false_condition": "kitty_not_installed", "item": "/home/admin/.ansible/tmp", "skip_reason": "Conditional result was False"}
2026-08-16 14:33:33,815 p=34415 u=admin n=ansible INFO| skipping: [localhost] => (item=/home/admin/.local/kitty.app)  => {"ansible_loop_var": "item", "changed": false, "false_condition": "kitty_not_installed", "item": "/home/admin/.local/kitty.app", "skip_reason": "Conditional result was False"}
2026-08-16 14:33:33,819 p=34415 u=admin n=ansible INFO| skipping: [localhost] => (item=/home/admin/.local/bin)  => {"ansible_loop_var": "item", "changed": false, "false_condition": "kitty_not_installed", "item": "/home/admin/.local/bin", "skip_reason": "Conditional result was False"}
2026-08-16 14:33:33,821 p=34415 u=admin n=ansible INFO| skipping: [localhost] => {"changed": false, "msg": "All items skipped"}
2026-08-16 14:33:33,822 p=34415 u=admin n=ansible INFO| PLAY RECAP *********************************************************************************************************************************************************************************************************
2026-08-16 14:33:33,823 p=34415 u=admin n=ansible INFO| localhost                  : ok=4    changed=0    unreachable=0    failed=0    skipped=1    rescued=0    ignored=0   
2026-08-16 15:16:09,846 p=39829 u=admin n=ansible INFO| Using /home/admin/Playground/ansible/kitty/ansible.cfg as config file
2026-08-16 15:16:10,102 p=39829 u=admin n=ansible INFO| PLAY [Testing kitty installation] **********************************************************************************************************************************************************************************
2026-08-16 15:16:10,114 p=39829 u=admin n=ansible INFO| TASK [Gathering Facts] *********************************************************************************************************************************************************************************************
2026-08-16 15:16:11,497 p=39829 u=admin n=ansible WARNING| [WARNING]: Host 'localhost' is using the discovered Python interpreter at '/usr/bin/python3.14', but future installation of another Python interpreter could cause a different interpreter to be discovered. See https://docs.ansible.com/ansible-core/2.20/reference_appendices/interpreter_discovery.html for more information.

2026-08-16 15:16:11,498 p=39829 u=admin n=ansible INFO| ok: [localhost]
2026-08-16 15:16:11,503 p=39829 u=admin n=ansible INFO| TASK [Get info on Kitty executable.] *******************************************************************************************************************************************************************************
2026-08-16 15:16:12,061 p=39829 u=admin n=ansible INFO| ok: [localhost] => {"changed": false, "stat": {"atime": 1786867549.4576566, "attr_flags": "", "attributes": [], "block_size": 4096, "blocks": 408, "charset": "binary", "checksum": "09f53ce371248bddb06401c9e0a1aecc056b9e1a", "ctime": 1786867549.4306564, "dev": 51, "device_type": 0, "executable": true, "exists": true, "gid": 1000, "gr_name": "admin", "inode": 62775, "isblk": false, "ischr": false, "isdir": false, "isfifo": false, "isgid": false, "islnk": false, "isreg": true, "issock": false, "isuid": false, "mimetype": "application/x-pie-executable", "mode": "0755", "mtime": 1785411326.6381469, "nlink": 1, "path": "/home/admin/.local/kitty.app/bin/kitty", "pw_name": "admin", "readable": true, "rgrp": true, "roth": true, "rusr": true, "size": 207656, "uid": 1000, "version": "313", "wgrp": false, "woth": false, "writeable": true, "wusr": true, "xgrp": true, "xoth": true, "xusr": true}}
2026-08-16 15:16:12,067 p=39829 u=admin n=ansible INFO| TASK [Get info string from kitty -v.] ******************************************************************************************************************************************************************************
2026-08-16 15:16:12,624 p=39829 u=admin n=ansible INFO| ok: [localhost] => {"changed": false, "cmd": ["/home/admin/.local/kitty.app/bin/kitty", "-v"], "delta": "0:00:00.004803", "end": "2026-08-16 15:16:12.579005", "msg": "", "rc": 0, "start": "2026-08-16 15:16:12.574202", "stderr": "", "stderr_lines": [], "stdout": "kitty 0.48.2 created by Kovid Goyal", "stdout_lines": ["kitty 0.48.2 created by Kovid Goyal"]}
2026-08-16 15:16:12,630 p=39829 u=admin n=ansible INFO| TASK [Extract kitty version from installed_kitty_info.] ************************************************************************************************************************************************************
2026-08-16 15:16:12,654 p=39829 u=admin n=ansible INFO| ok: [localhost] => {"ansible_facts": {"installed_kitty_version": "0.48.2"}, "changed": false}
2026-08-16 15:16:12,659 p=39829 u=admin n=ansible INFO| TASK [Determine if Kitty needs to be installed.] *******************************************************************************************************************************************************************
2026-08-16 15:16:12,689 p=39829 u=admin n=ansible INFO| ok: [localhost] => {"ansible_facts": {"kitty_needs_installation": false}, "changed": false}
2026-08-16 15:16:12,694 p=39829 u=admin n=ansible INFO| TASK [Create dirs if they don't exist] *****************************************************************************************************************************************************************************
2026-08-16 15:16:12,719 p=39829 u=admin n=ansible INFO| skipping: [localhost] => (item=/home/admin/.ansible/tmp)  => {"ansible_loop_var": "item", "changed": false, "false_condition": "kitty_needs_installation", "item": "/home/admin/.ansible/tmp", "skip_reason": "Conditional result was False"}
2026-08-16 15:16:12,721 p=39829 u=admin n=ansible INFO| skipping: [localhost] => (item=/home/admin/.local/kitty.app)  => {"ansible_loop_var": "item", "changed": false, "false_condition": "kitty_needs_installation", "item": "/home/admin/.local/kitty.app", "skip_reason": "Conditional result was False"}
2026-08-16 15:16:12,725 p=39829 u=admin n=ansible INFO| skipping: [localhost] => (item=/home/admin/.local/bin)  => {"ansible_loop_var": "item", "changed": false, "false_condition": "kitty_needs_installation", "item": "/home/admin/.local/bin", "skip_reason": "Conditional result was False"}
2026-08-16 15:16:12,727 p=39829 u=admin n=ansible INFO| skipping: [localhost] => {"changed": false, "msg": "All items skipped"}
2026-08-16 15:16:12,728 p=39829 u=admin n=ansible INFO| PLAY RECAP *********************************************************************************************************************************************************************************************************
2026-08-16 15:16:12,728 p=39829 u=admin n=ansible INFO| localhost                  : ok=5    changed=0    unreachable=0    failed=0    skipped=1    rescued=0    ignored=0   
2026-08-16 15:16:26,317 p=39947 u=admin n=ansible INFO| Using /home/admin/Playground/ansible/kitty/ansible.cfg as config file
2026-08-16 15:16:26,573 p=39947 u=admin n=ansible INFO| PLAY [Testing kitty installation] **********************************************************************************************************************************************************************************
2026-08-16 15:16:26,585 p=39947 u=admin n=ansible INFO| TASK [Gathering Facts] *********************************************************************************************************************************************************************************************
2026-08-16 15:16:27,906 p=39947 u=admin n=ansible WARNING| [WARNING]: Host 'localhost' is using the discovered Python interpreter at '/usr/bin/python3.14', but future installation of another Python interpreter could cause a different interpreter to be discovered. See https://docs.ansible.com/ansible-core/2.20/reference_appendices/interpreter_discovery.html for more information.

2026-08-16 15:16:27,906 p=39947 u=admin n=ansible INFO| ok: [localhost]
2026-08-16 15:16:27,911 p=39947 u=admin n=ansible INFO| TASK [Get info on Kitty executable.] *******************************************************************************************************************************************************************************
2026-08-16 15:16:28,476 p=39947 u=admin n=ansible INFO| ok: [localhost] => {"changed": false, "stat": {"atime": 1786867549.4576566, "attr_flags": "", "attributes": [], "block_size": 4096, "blocks": 408, "charset": "binary", "checksum": "09f53ce371248bddb06401c9e0a1aecc056b9e1a", "ctime": 1786867549.4306564, "dev": 51, "device_type": 0, "executable": true, "exists": true, "gid": 1000, "gr_name": "admin", "inode": 62775, "isblk": false, "ischr": false, "isdir": false, "isfifo": false, "isgid": false, "islnk": false, "isreg": true, "issock": false, "isuid": false, "mimetype": "application/x-pie-executable", "mode": "0755", "mtime": 1785411326.6381469, "nlink": 1, "path": "/home/admin/.local/kitty.app/bin/kitty", "pw_name": "admin", "readable": true, "rgrp": true, "roth": true, "rusr": true, "size": 207656, "uid": 1000, "version": "313", "wgrp": false, "woth": false, "writeable": true, "wusr": true, "xgrp": true, "xoth": true, "xusr": true}}
2026-08-16 15:16:28,482 p=39947 u=admin n=ansible INFO| TASK [Get info string from kitty -v.] ******************************************************************************************************************************************************************************
2026-08-16 15:16:29,038 p=39947 u=admin n=ansible INFO| ok: [localhost] => {"changed": false, "cmd": ["/home/admin/.local/kitty.app/bin/kitty", "-v"], "delta": "0:00:00.004672", "end": "2026-08-16 15:16:28.993269", "msg": "", "rc": 0, "start": "2026-08-16 15:16:28.988597", "stderr": "", "stderr_lines": [], "stdout": "kitty 0.48.2 created by Kovid Goyal", "stdout_lines": ["kitty 0.48.2 created by Kovid Goyal"]}
2026-08-16 15:16:29,043 p=39947 u=admin n=ansible INFO| TASK [Extract kitty version from installed_kitty_info.] ************************************************************************************************************************************************************
2026-08-16 15:16:29,068 p=39947 u=admin n=ansible INFO| ok: [localhost] => {"ansible_facts": {"installed_kitty_version": "0.48.2"}, "changed": false}
2026-08-16 15:16:29,073 p=39947 u=admin n=ansible INFO| TASK [Determine if Kitty needs to be installed.] *******************************************************************************************************************************************************************
2026-08-16 15:16:29,102 p=39947 u=admin n=ansible INFO| ok: [localhost] => {"ansible_facts": {"kitty_needs_installation": true}, "changed": false}
2026-08-16 15:16:29,107 p=39947 u=admin n=ansible INFO| TASK [Create dirs if they don't exist] *****************************************************************************************************************************************************************************
2026-08-16 15:16:29,701 p=39947 u=admin n=ansible INFO| ok: [localhost] => (item=/home/admin/.ansible/tmp) => {"ansible_loop_var": "item", "changed": false, "gid": 1000, "group": "admin", "item": "/home/admin/.ansible/tmp", "mode": "0700", "owner": "admin", "path": "/home/admin/.ansible/tmp", "secontext": "unconfined_u:object_r:user_home_t:s0", "size": 208, "state": "directory", "uid": 1000}
2026-08-16 15:16:30,114 p=39947 u=admin n=ansible INFO| ok: [localhost] => (item=/home/admin/.local/kitty.app) => {"ansible_loop_var": "item", "changed": false, "gid": 1000, "group": "admin", "item": "/home/admin/.local/kitty.app", "mode": "0755", "owner": "admin", "path": "/home/admin/.local/kitty.app", "secontext": "unconfined_u:object_r:user_tmp_t:s0", "size": 22, "state": "directory", "uid": 1000}
2026-08-16 15:16:30,520 p=39947 u=admin n=ansible INFO| ok: [localhost] => (item=/home/admin/.local/bin) => {"ansible_loop_var": "item", "changed": false, "gid": 1000, "group": "admin", "item": "/home/admin/.local/bin", "mode": "0755", "owner": "admin", "path": "/home/admin/.local/bin", "secontext": "unconfined_u:object_r:gconf_home_t:s0", "size": 0, "state": "directory", "uid": 1000}
2026-08-16 15:16:30,523 p=39947 u=admin n=ansible INFO| PLAY RECAP *********************************************************************************************************************************************************************************************************
2026-08-16 15:16:30,523 p=39947 u=admin n=ansible INFO| localhost                  : ok=6    changed=0    unreachable=0    failed=0    skipped=0    rescued=0    ignored=0   
2026-08-16 15:20:07,039 p=40517 u=admin n=ansible INFO| Using /home/admin/Playground/ansible/kitty/ansible.cfg as config file
2026-08-16 15:20:07,285 p=40517 u=admin n=ansible INFO| PLAY [Testing kitty installation] **********************************************************************************************************************************************************************************
2026-08-16 15:20:07,296 p=40517 u=admin n=ansible INFO| TASK [Gathering Facts] *********************************************************************************************************************************************************************************************
2026-08-16 15:20:08,713 p=40517 u=admin n=ansible WARNING| [WARNING]: Host 'localhost' is using the discovered Python interpreter at '/usr/bin/python3.14', but future installation of another Python interpreter could cause a different interpreter to be discovered. See https://docs.ansible.com/ansible-core/2.20/reference_appendices/interpreter_discovery.html for more information.

2026-08-16 15:20:08,713 p=40517 u=admin n=ansible INFO| ok: [localhost]
2026-08-16 15:20:08,719 p=40517 u=admin n=ansible INFO| TASK [Get info on Kitty executable.] *******************************************************************************************************************************************************************************
2026-08-16 15:20:09,284 p=40517 u=admin n=ansible INFO| ok: [localhost] => {"changed": false, "stat": {"atime": 1786867549.4576566, "attr_flags": "", "attributes": [], "block_size": 4096, "blocks": 408, "charset": "binary", "checksum": "09f53ce371248bddb06401c9e0a1aecc056b9e1a", "ctime": 1786867549.4306564, "dev": 51, "device_type": 0, "executable": true, "exists": true, "gid": 1000, "gr_name": "admin", "inode": 62775, "isblk": false, "ischr": false, "isdir": false, "isfifo": false, "isgid": false, "islnk": false, "isreg": true, "issock": false, "isuid": false, "mimetype": "application/x-pie-executable", "mode": "0755", "mtime": 1785411326.6381469, "nlink": 1, "path": "/home/admin/.local/kitty.app/bin/kitty", "pw_name": "admin", "readable": true, "rgrp": true, "roth": true, "rusr": true, "size": 207656, "uid": 1000, "version": "313", "wgrp": false, "woth": false, "writeable": true, "wusr": true, "xgrp": true, "xoth": true, "xusr": true}}
2026-08-16 15:20:09,293 p=40517 u=admin n=ansible INFO| TASK [Get info string from kitty -v.] ******************************************************************************************************************************************************************************
2026-08-16 15:20:09,852 p=40517 u=admin n=ansible INFO| ok: [localhost] => {"changed": false, "cmd": ["/home/admin/.local/kitty.app/bin/kitty", "-v"], "delta": "0:00:00.004696", "end": "2026-08-16 15:20:09.805094", "msg": "", "rc": 0, "start": "2026-08-16 15:20:09.800398", "stderr": "", "stderr_lines": [], "stdout": "kitty 0.48.2 created by Kovid Goyal", "stdout_lines": ["kitty 0.48.2 created by Kovid Goyal"]}
2026-08-16 15:20:09,861 p=40517 u=admin n=ansible INFO| TASK [Extract kitty version from installed_kitty_info.] ************************************************************************************************************************************************************
2026-08-16 15:20:09,885 p=40517 u=admin n=ansible INFO| ok: [localhost] => {"ansible_facts": {"installed_kitty_version": "0.48.2"}, "changed": false}
2026-08-16 15:20:09,890 p=40517 u=admin n=ansible INFO| TASK [Determine if Kitty needs to be installed.] *******************************************************************************************************************************************************************
2026-08-16 15:20:09,919 p=40517 u=admin n=ansible INFO| ok: [localhost] => {"ansible_facts": {"kitty_needs_installation": false}, "changed": false}
2026-08-16 15:20:09,924 p=40517 u=admin n=ansible INFO| TASK [Create dirs if they don't exist] *****************************************************************************************************************************************************************************
2026-08-16 15:20:09,949 p=40517 u=admin n=ansible INFO| skipping: [localhost] => (item=/home/admin/.ansible/tmp)  => {"ansible_loop_var": "item", "changed": false, "false_condition": "kitty_needs_installation", "item": "/home/admin/.ansible/tmp", "skip_reason": "Conditional result was False"}
2026-08-16 15:20:09,951 p=40517 u=admin n=ansible INFO| skipping: [localhost] => (item=/home/admin/.local/kitty.app)  => {"ansible_loop_var": "item", "changed": false, "false_condition": "kitty_needs_installation", "item": "/home/admin/.local/kitty.app", "skip_reason": "Conditional result was False"}
2026-08-16 15:20:09,955 p=40517 u=admin n=ansible INFO| skipping: [localhost] => (item=/home/admin/.local/bin)  => {"ansible_loop_var": "item", "changed": false, "false_condition": "kitty_needs_installation", "item": "/home/admin/.local/bin", "skip_reason": "Conditional result was False"}
2026-08-16 15:20:09,956 p=40517 u=admin n=ansible INFO| skipping: [localhost] => {"changed": false, "msg": "All items skipped"}
2026-08-16 15:20:09,964 p=40517 u=admin n=ansible INFO| TASK [Download and unarchive Kitty] ********************************************************************************************************************************************************************************
2026-08-16 15:20:09,979 p=40517 u=admin n=ansible INFO| skipping: [localhost] => {"changed": false, "false_condition": "kitty_needs_installation", "skip_reason": "Conditional result was False"}
2026-08-16 15:20:09,981 p=40517 u=admin n=ansible INFO| PLAY RECAP *********************************************************************************************************************************************************************************************************
2026-08-16 15:20:09,981 p=40517 u=admin n=ansible INFO| localhost                  : ok=5    changed=0    unreachable=0    failed=0    skipped=2    rescued=0    ignored=0   
2026-08-16 15:20:25,200 p=40691 u=admin n=ansible INFO| Using /home/admin/Playground/ansible/kitty/ansible.cfg as config file
2026-08-16 15:20:25,446 p=40691 u=admin n=ansible INFO| PLAY [Testing kitty installation] **********************************************************************************************************************************************************************************
2026-08-16 15:20:25,457 p=40691 u=admin n=ansible INFO| TASK [Gathering Facts] *********************************************************************************************************************************************************************************************
2026-08-16 15:20:26,795 p=40691 u=admin n=ansible WARNING| [WARNING]: Host 'localhost' is using the discovered Python interpreter at '/usr/bin/python3.14', but future installation of another Python interpreter could cause a different interpreter to be discovered. See https://docs.ansible.com/ansible-core/2.20/reference_appendices/interpreter_discovery.html for more information.

2026-08-16 15:20:26,795 p=40691 u=admin n=ansible INFO| ok: [localhost]
2026-08-16 15:20:26,800 p=40691 u=admin n=ansible INFO| TASK [Get info on Kitty executable.] *******************************************************************************************************************************************************************************
2026-08-16 15:20:27,340 p=40691 u=admin n=ansible INFO| ok: [localhost] => {"changed": false, "stat": {"exists": false}}
2026-08-16 15:20:27,346 p=40691 u=admin n=ansible INFO| TASK [Get info string from kitty -v.] ******************************************************************************************************************************************************************************
2026-08-16 15:20:27,362 p=40691 u=admin n=ansible INFO| skipping: [localhost] => {"changed": false, "false_condition": "kitty_binary.stat.exists", "skip_reason": "Conditional result was False"}
2026-08-16 15:20:27,368 p=40691 u=admin n=ansible INFO| TASK [Extract kitty version from installed_kitty_info.] ************************************************************************************************************************************************************
2026-08-16 15:20:27,384 p=40691 u=admin n=ansible INFO| skipping: [localhost] => {"changed": false, "false_condition": "kitty_binary.stat.exists", "skip_reason": "Conditional result was False"}
2026-08-16 15:20:27,389 p=40691 u=admin n=ansible INFO| TASK [Determine if Kitty needs to be installed.] *******************************************************************************************************************************************************************
2026-08-16 15:20:27,418 p=40691 u=admin n=ansible INFO| ok: [localhost] => {"ansible_facts": {"kitty_needs_installation": true}, "changed": false}
2026-08-16 15:20:27,423 p=40691 u=admin n=ansible INFO| TASK [Create dirs if they don't exist] *****************************************************************************************************************************************************************************
2026-08-16 15:20:28,002 p=40691 u=admin n=ansible INFO| ok: [localhost] => (item=/home/admin/.ansible/tmp) => {"ansible_loop_var": "item", "changed": false, "gid": 1000, "group": "admin", "item": "/home/admin/.ansible/tmp", "mode": "0700", "owner": "admin", "path": "/home/admin/.ansible/tmp", "secontext": "unconfined_u:object_r:user_home_t:s0", "size": 210, "state": "directory", "uid": 1000}
2026-08-16 15:20:28,412 p=40691 u=admin n=ansible INFO| changed: [localhost] => (item=/home/admin/.local/kitty.app) => {"ansible_loop_var": "item", "changed": true, "gid": 1000, "group": "admin", "item": "/home/admin/.local/kitty.app", "mode": "0755", "owner": "admin", "path": "/home/admin/.local/kitty.app", "secontext": "unconfined_u:object_r:gconf_home_t:s0", "size": 0, "state": "directory", "uid": 1000}
2026-08-16 15:20:28,819 p=40691 u=admin n=ansible INFO| ok: [localhost] => (item=/home/admin/.local/bin) => {"ansible_loop_var": "item", "changed": false, "gid": 1000, "group": "admin", "item": "/home/admin/.local/bin", "mode": "0755", "owner": "admin", "path": "/home/admin/.local/bin", "secontext": "unconfined_u:object_r:gconf_home_t:s0", "size": 0, "state": "directory", "uid": 1000}
2026-08-16 15:20:28,827 p=40691 u=admin n=ansible INFO| TASK [Download and unarchive Kitty] ********************************************************************************************************************************************************************************
2026-08-16 15:20:38,966 p=40691 u=admin n=ansible INFO| changed: [localhost] => {"changed": true, "dest": "/home/admin/.local/kitty.app", "extract_results": {"cmd": ["/usr/bin/gtar", "--extract", "-C", "/home/admin/.local/kitty.app", "-f", "/home/admin/.ansible/tmp/ansible-tmp-1786872928.8532054-40812-116612143199656/kitty-0.48.2-x86_64p56_73hr.txz"], "err": "", "out": "", "rc": 0}, "gid": 1000, "group": "admin", "handler": "TarArchive", "mode": "0755", "owner": "admin", "secontext": "unconfined_u:object_r:gconf_home_t:s0", "size": 22, "src": "/home/admin/.ansible/tmp/ansible-tmp-1786872928.8532054-40812-116612143199656/kitty-0.48.2-x86_64p56_73hr.txz", "state": "directory", "uid": 1000}
2026-08-16 15:20:38,967 p=40691 u=admin n=ansible INFO| PLAY RECAP *********************************************************************************************************************************************************************************************************
2026-08-16 15:20:38,967 p=40691 u=admin n=ansible INFO| localhost                  : ok=5    changed=2    unreachable=0    failed=0    skipped=2    rescued=0    ignored=0   
2026-08-16 15:24:33,581 p=41911 u=admin n=ansible INFO| Using /home/admin/Playground/ansible/kitty/ansible.cfg as config file
2026-08-16 15:24:33,832 p=41911 u=admin n=ansible INFO| PLAY [Testing kitty installation] **********************************************************************************************************************************************************************************
2026-08-16 15:24:33,846 p=41911 u=admin n=ansible INFO| TASK [Gathering Facts] *********************************************************************************************************************************************************************************************
2026-08-16 15:24:35,229 p=41911 u=admin n=ansible WARNING| [WARNING]: Host 'localhost' is using the discovered Python interpreter at '/usr/bin/python3.14', but future installation of another Python interpreter could cause a different interpreter to be discovered. See https://docs.ansible.com/ansible-core/2.20/reference_appendices/interpreter_discovery.html for more information.

2026-08-16 15:24:35,230 p=41911 u=admin n=ansible INFO| ok: [localhost]
2026-08-16 15:24:35,235 p=41911 u=admin n=ansible INFO| TASK [Get info on Kitty executable.] *******************************************************************************************************************************************************************************
2026-08-16 15:24:35,784 p=41911 u=admin n=ansible INFO| ok: [localhost] => {"changed": false, "stat": {"exists": false}}
2026-08-16 15:24:35,791 p=41911 u=admin n=ansible INFO| TASK [Get info string from kitty -v.] ******************************************************************************************************************************************************************************
2026-08-16 15:24:35,807 p=41911 u=admin n=ansible INFO| skipping: [localhost] => {"changed": false, "false_condition": "kitty_binary.stat.exists", "skip_reason": "Conditional result was False"}
2026-08-16 15:24:35,812 p=41911 u=admin n=ansible INFO| TASK [Extract kitty version from installed_kitty_info.] ************************************************************************************************************************************************************
2026-08-16 15:24:35,828 p=41911 u=admin n=ansible INFO| skipping: [localhost] => {"changed": false, "false_condition": "kitty_binary.stat.exists", "skip_reason": "Conditional result was False"}
2026-08-16 15:24:35,833 p=41911 u=admin n=ansible INFO| TASK [Determine if Kitty needs to be installed.] *******************************************************************************************************************************************************************
2026-08-16 15:24:35,862 p=41911 u=admin n=ansible INFO| ok: [localhost] => {"ansible_facts": {"kitty_needs_installation": true}, "changed": false}
2026-08-16 15:24:35,867 p=41911 u=admin n=ansible INFO| TASK [Create dirs if they don't exist] *****************************************************************************************************************************************************************************
2026-08-16 15:24:36,445 p=41911 u=admin n=ansible INFO| ok: [localhost] => (item=/home/admin/.ansible/tmp) => {"ansible_loop_var": "item", "changed": false, "gid": 1000, "group": "admin", "item": "/home/admin/.ansible/tmp", "mode": "0700", "owner": "admin", "path": "/home/admin/.ansible/tmp", "secontext": "unconfined_u:object_r:user_home_t:s0", "size": 210, "state": "directory", "uid": 1000}
2026-08-16 15:24:36,851 p=41911 u=admin n=ansible INFO| changed: [localhost] => (item=/home/admin/.local/kitty.app) => {"ansible_loop_var": "item", "changed": true, "gid": 1000, "group": "admin", "item": "/home/admin/.local/kitty.app", "mode": "0755", "owner": "admin", "path": "/home/admin/.local/kitty.app", "secontext": "unconfined_u:object_r:gconf_home_t:s0", "size": 0, "state": "directory", "uid": 1000}
2026-08-16 15:24:37,258 p=41911 u=admin n=ansible INFO| ok: [localhost] => (item=/home/admin/.local/bin) => {"ansible_loop_var": "item", "changed": false, "gid": 1000, "group": "admin", "item": "/home/admin/.local/bin", "mode": "0755", "owner": "admin", "path": "/home/admin/.local/bin", "secontext": "unconfined_u:object_r:gconf_home_t:s0", "size": 0, "state": "directory", "uid": 1000}
2026-08-16 15:24:37,266 p=41911 u=admin n=ansible INFO| TASK [Download and unarchive Kitty] ********************************************************************************************************************************************************************************
2026-08-16 15:24:46,592 p=41911 u=admin n=ansible INFO| changed: [localhost] => {"changed": true, "dest": "/home/admin/.local/kitty.app", "extract_results": {"cmd": ["/usr/bin/gtar", "--extract", "-C", "/home/admin/.local/kitty.app", "-f", "/home/admin/.ansible/tmp/ansible-tmp-1786873177.2929714-42031-165266453289309/kitty-0.48.2-x86_64g8w7uvfn.txz"], "err": "", "out": "", "rc": 0}, "gid": 1000, "group": "admin", "handler": "TarArchive", "mode": "0755", "owner": "admin", "secontext": "unconfined_u:object_r:gconf_home_t:s0", "size": 22, "src": "/home/admin/.ansible/tmp/ansible-tmp-1786873177.2929714-42031-165266453289309/kitty-0.48.2-x86_64g8w7uvfn.txz", "state": "directory", "uid": 1000}
2026-08-16 15:24:46,597 p=41911 u=admin n=ansible INFO| TASK [Create symlinks to PATH] *************************************************************************************************************************************************************************************
2026-08-16 15:24:47,048 p=41911 u=admin n=ansible INFO| changed: [localhost] => (item={'src': 'kitty', 'dest': 'kitty'}) => {"ansible_loop_var": "item", "changed": true, "dest": "/home/admin/.local/bin/kitty", "gid": 1000, "group": "admin", "item": {"dest": "kitty", "src": "kitty"}, "mode": "0777", "owner": "admin", "secontext": "unconfined_u:object_r:gconf_home_t:s0", "size": 38, "src": "/home/admin/.local/kitty.app/bin/kitty", "state": "link", "uid": 1000}
2026-08-16 15:24:47,470 p=41911 u=admin n=ansible INFO| changed: [localhost] => (item={'src': 'kitten', 'dest': 'kitten'}) => {"ansible_loop_var": "item", "changed": true, "dest": "/home/admin/.local/bin/kitten", "gid": 1000, "group": "admin", "item": {"dest": "kitten", "src": "kitten"}, "mode": "0777", "owner": "admin", "secontext": "unconfined_u:object_r:gconf_home_t:s0", "size": 39, "src": "/home/admin/.local/kitty.app/bin/kitten", "state": "link", "uid": 1000}
2026-08-16 15:24:47,472 p=41911 u=admin n=ansible INFO| PLAY RECAP *********************************************************************************************************************************************************************************************************
2026-08-16 15:24:47,473 p=41911 u=admin n=ansible INFO| localhost                  : ok=6    changed=3    unreachable=0    failed=0    skipped=2    rescued=0    ignored=0   
2026-08-16 15:24:54,232 p=42159 u=admin n=ansible INFO| Using /home/admin/Playground/ansible/kitty/ansible.cfg as config file
2026-08-16 15:24:54,484 p=42159 u=admin n=ansible INFO| PLAY [Testing kitty installation] **********************************************************************************************************************************************************************************
2026-08-16 15:24:54,496 p=42159 u=admin n=ansible INFO| TASK [Gathering Facts] *********************************************************************************************************************************************************************************************
2026-08-16 15:24:55,838 p=42159 u=admin n=ansible WARNING| [WARNING]: Host 'localhost' is using the discovered Python interpreter at '/usr/bin/python3.14', but future installation of another Python interpreter could cause a different interpreter to be discovered. See https://docs.ansible.com/ansible-core/2.20/reference_appendices/interpreter_discovery.html for more information.

2026-08-16 15:24:55,838 p=42159 u=admin n=ansible INFO| ok: [localhost]
2026-08-16 15:24:55,843 p=42159 u=admin n=ansible INFO| TASK [Get info on Kitty executable.] *******************************************************************************************************************************************************************************
2026-08-16 15:24:56,409 p=42159 u=admin n=ansible INFO| ok: [localhost] => {"changed": false, "stat": {"atime": 1786873186.291864, "attr_flags": "", "attributes": [], "block_size": 4096, "blocks": 408, "charset": "binary", "checksum": "09f53ce371248bddb06401c9e0a1aecc056b9e1a", "ctime": 1786873186.296864, "dev": 51, "device_type": 0, "executable": true, "exists": true, "gid": 1000, "gr_name": "admin", "inode": 66270, "isblk": false, "ischr": false, "isdir": false, "isfifo": false, "isgid": false, "islnk": false, "isreg": true, "issock": false, "isuid": false, "mimetype": "application/x-pie-executable", "mode": "0755", "mtime": 1785411326.6381469, "nlink": 1, "path": "/home/admin/.local/kitty.app/bin/kitty", "pw_name": "admin", "readable": true, "rgrp": true, "roth": true, "rusr": true, "size": 207656, "uid": 1000, "version": "480", "wgrp": false, "woth": false, "writeable": true, "wusr": true, "xgrp": true, "xoth": true, "xusr": true}}
2026-08-16 15:24:56,415 p=42159 u=admin n=ansible INFO| TASK [Get info string from kitty -v.] ******************************************************************************************************************************************************************************
2026-08-16 15:24:56,980 p=42159 u=admin n=ansible INFO| ok: [localhost] => {"changed": false, "cmd": ["/home/admin/.local/kitty.app/bin/kitty", "-v"], "delta": "0:00:00.004827", "end": "2026-08-16 15:24:56.934964", "msg": "", "rc": 0, "start": "2026-08-16 15:24:56.930137", "stderr": "", "stderr_lines": [], "stdout": "kitty 0.48.2 created by Kovid Goyal", "stdout_lines": ["kitty 0.48.2 created by Kovid Goyal"]}
2026-08-16 15:24:56,986 p=42159 u=admin n=ansible INFO| TASK [Extract kitty version from installed_kitty_info.] ************************************************************************************************************************************************************
2026-08-16 15:24:57,010 p=42159 u=admin n=ansible INFO| ok: [localhost] => {"ansible_facts": {"installed_kitty_version": "0.48.2"}, "changed": false}
2026-08-16 15:24:57,015 p=42159 u=admin n=ansible INFO| TASK [Determine if Kitty needs to be installed.] *******************************************************************************************************************************************************************
2026-08-16 15:24:57,044 p=42159 u=admin n=ansible INFO| ok: [localhost] => {"ansible_facts": {"kitty_needs_installation": false}, "changed": false}
2026-08-16 15:24:57,049 p=42159 u=admin n=ansible INFO| TASK [Create dirs if they don't exist] *****************************************************************************************************************************************************************************
2026-08-16 15:24:57,075 p=42159 u=admin n=ansible INFO| skipping: [localhost] => (item=/home/admin/.ansible/tmp)  => {"ansible_loop_var": "item", "changed": false, "false_condition": "kitty_needs_installation", "item": "/home/admin/.ansible/tmp", "skip_reason": "Conditional result was False"}
2026-08-16 15:24:57,077 p=42159 u=admin n=ansible INFO| skipping: [localhost] => (item=/home/admin/.local/kitty.app)  => {"ansible_loop_var": "item", "changed": false, "false_condition": "kitty_needs_installation", "item": "/home/admin/.local/kitty.app", "skip_reason": "Conditional result was False"}
2026-08-16 15:24:57,080 p=42159 u=admin n=ansible INFO| skipping: [localhost] => (item=/home/admin/.local/bin)  => {"ansible_loop_var": "item", "changed": false, "false_condition": "kitty_needs_installation", "item": "/home/admin/.local/bin", "skip_reason": "Conditional result was False"}
2026-08-16 15:24:57,081 p=42159 u=admin n=ansible INFO| skipping: [localhost] => {"changed": false, "msg": "All items skipped"}
2026-08-16 15:24:57,087 p=42159 u=admin n=ansible INFO| TASK [Download and unarchive Kitty] ********************************************************************************************************************************************************************************
2026-08-16 15:24:57,103 p=42159 u=admin n=ansible INFO| skipping: [localhost] => {"changed": false, "false_condition": "kitty_needs_installation", "skip_reason": "Conditional result was False"}
2026-08-16 15:24:57,108 p=42159 u=admin n=ansible INFO| TASK [Create symlinks to PATH] *************************************************************************************************************************************************************************************
2026-08-16 15:24:57,126 p=42159 u=admin n=ansible INFO| skipping: [localhost] => (item={'src': 'kitty', 'dest': 'kitty'})  => {"ansible_loop_var": "item", "changed": false, "false_condition": "kitty_needs_installation", "item": {"dest": "kitty", "src": "kitty"}, "skip_reason": "Conditional result was False"}
2026-08-16 15:24:57,129 p=42159 u=admin n=ansible INFO| skipping: [localhost] => (item={'src': 'kitten', 'dest': 'kitten'})  => {"ansible_loop_var": "item", "changed": false, "false_condition": "kitty_needs_installation", "item": {"dest": "kitten", "src": "kitten"}, "skip_reason": "Conditional result was False"}
2026-08-16 15:24:57,130 p=42159 u=admin n=ansible INFO| skipping: [localhost] => {"changed": false, "msg": "All items skipped"}
2026-08-16 15:24:57,131 p=42159 u=admin n=ansible INFO| PLAY RECAP *********************************************************************************************************************************************************************************************************
2026-08-16 15:24:57,132 p=42159 u=admin n=ansible INFO| localhost                  : ok=5    changed=0    unreachable=0    failed=0    skipped=3    rescued=0    ignored=0   
2026-08-16 15:55:03,167 p=48153 u=admin n=ansible INFO| Using /home/admin/Playground/ansible/kitty/ansible.cfg as config file
2026-08-16 15:55:03,426 p=48153 u=admin n=ansible INFO| PLAY [Testing kitty installation] **********************************************************************************************************************************************************************************
2026-08-16 15:55:03,437 p=48153 u=admin n=ansible INFO| TASK [Gathering Facts] *********************************************************************************************************************************************************************************************
2026-08-16 15:55:04,827 p=48153 u=admin n=ansible WARNING| [WARNING]: Host 'localhost' is using the discovered Python interpreter at '/usr/bin/python3.14', but future installation of another Python interpreter could cause a different interpreter to be discovered. See https://docs.ansible.com/ansible-core/2.20/reference_appendices/interpreter_discovery.html for more information.

2026-08-16 15:55:04,827 p=48153 u=admin n=ansible INFO| ok: [localhost]
2026-08-16 15:55:04,832 p=48153 u=admin n=ansible INFO| TASK [Get info on Kitty executable.] *******************************************************************************************************************************************************************************
2026-08-16 15:55:05,378 p=48153 u=admin n=ansible INFO| ok: [localhost] => {"changed": false, "stat": {"exists": false}}
2026-08-16 15:55:05,385 p=48153 u=admin n=ansible INFO| TASK [Get info string from kitty -v.] ******************************************************************************************************************************************************************************
2026-08-16 15:55:05,401 p=48153 u=admin n=ansible INFO| skipping: [localhost] => {"changed": false, "false_condition": "kitty_binary.stat.exists", "skip_reason": "Conditional result was False"}
2026-08-16 15:55:05,406 p=48153 u=admin n=ansible INFO| TASK [Extract kitty version from installed_kitty_info.] ************************************************************************************************************************************************************
2026-08-16 15:55:05,422 p=48153 u=admin n=ansible INFO| skipping: [localhost] => {"changed": false, "false_condition": "kitty_binary.stat.exists", "skip_reason": "Conditional result was False"}
2026-08-16 15:55:05,427 p=48153 u=admin n=ansible INFO| TASK [Determine if Kitty needs to be installed.] *******************************************************************************************************************************************************************
2026-08-16 15:55:05,456 p=48153 u=admin n=ansible INFO| ok: [localhost] => {"ansible_facts": {"kitty_needs_installation": true}, "changed": false}
2026-08-16 15:55:05,461 p=48153 u=admin n=ansible INFO| TASK [Create dirs if they don't exist] *****************************************************************************************************************************************************************************
2026-08-16 15:55:06,041 p=48153 u=admin n=ansible INFO| ok: [localhost] => (item=/home/admin/.ansible/tmp) => {"ansible_loop_var": "item", "changed": false, "gid": 1000, "group": "admin", "item": "/home/admin/.ansible/tmp", "mode": "0700", "owner": "admin", "path": "/home/admin/.ansible/tmp", "secontext": "unconfined_u:object_r:user_home_t:s0", "size": 210, "state": "directory", "uid": 1000}
2026-08-16 15:55:06,443 p=48153 u=admin n=ansible INFO| changed: [localhost] => (item=/home/admin/.local/kitty.app) => {"ansible_loop_var": "item", "changed": true, "gid": 1000, "group": "admin", "item": "/home/admin/.local/kitty.app", "mode": "0755", "owner": "admin", "path": "/home/admin/.local/kitty.app", "secontext": "unconfined_u:object_r:gconf_home_t:s0", "size": 0, "state": "directory", "uid": 1000}
2026-08-16 15:55:06,845 p=48153 u=admin n=ansible INFO| ok: [localhost] => (item=/home/admin/.local/bin) => {"ansible_loop_var": "item", "changed": false, "gid": 1000, "group": "admin", "item": "/home/admin/.local/bin", "mode": "0755", "owner": "admin", "path": "/home/admin/.local/bin", "secontext": "unconfined_u:object_r:gconf_home_t:s0", "size": 22, "state": "directory", "uid": 1000}
2026-08-16 15:55:06,854 p=48153 u=admin n=ansible INFO| TASK [Download and unarchive Kitty] ********************************************************************************************************************************************************************************
2026-08-16 15:55:16,209 p=48153 u=admin n=ansible INFO| changed: [localhost] => {"changed": true, "dest": "/home/admin/.local/kitty.app", "extract_results": {"cmd": ["/usr/bin/gtar", "--extract", "-C", "/home/admin/.local/kitty.app", "-f", "/home/admin/.ansible/tmp/ansible-tmp-1786875006.8818843-48273-65647114720651/kitty-0.48.2-x86_6466y3p9gq.txz"], "err": "", "out": "", "rc": 0}, "gid": 1000, "group": "admin", "handler": "TarArchive", "mode": "0755", "owner": "admin", "secontext": "unconfined_u:object_r:gconf_home_t:s0", "size": 22, "src": "/home/admin/.ansible/tmp/ansible-tmp-1786875006.8818843-48273-65647114720651/kitty-0.48.2-x86_6466y3p9gq.txz", "state": "directory", "uid": 1000}
2026-08-16 15:55:16,214 p=48153 u=admin n=ansible INFO| TASK [Create symlinks to PATH] *************************************************************************************************************************************************************************************
2026-08-16 15:55:16,654 p=48153 u=admin n=ansible INFO| ok: [localhost] => (item={'src': 'kitty', 'dest': 'kitty'}) => {"ansible_loop_var": "item", "changed": false, "dest": "/home/admin/.local/bin/kitty", "gid": 1000, "group": "admin", "item": {"dest": "kitty", "src": "kitty"}, "mode": "0777", "owner": "admin", "secontext": "unconfined_u:object_r:gconf_home_t:s0", "size": 38, "src": "/home/admin/.local/kitty.app/bin/kitty", "state": "link", "uid": 1000}
2026-08-16 15:55:17,079 p=48153 u=admin n=ansible INFO| ok: [localhost] => (item={'src': 'kitten', 'dest': 'kitten'}) => {"ansible_loop_var": "item", "changed": false, "dest": "/home/admin/.local/bin/kitten", "gid": 1000, "group": "admin", "item": {"dest": "kitten", "src": "kitten"}, "mode": "0777", "owner": "admin", "secontext": "unconfined_u:object_r:gconf_home_t:s0", "size": 39, "src": "/home/admin/.local/kitty.app/bin/kitten", "state": "link", "uid": 1000}
2026-08-16 15:55:17,086 p=48153 u=admin n=ansible INFO| TASK [Copy kitty.desktop to ~/.local/share/applications] ***********************************************************************************************************************************************************
2026-08-16 15:55:17,111 p=48153 u=admin n=ansible ERROR| [ERROR]: Task failed: Finalization of task args for 'ansible.builtin.file' failed: Error while resolving value for 'src': 'install_dir' is undefined

Task failed.
Origin: /home/admin/Playground/ansible/kitty/playbook.yaml:81:9

79       block:
80
81       - name: Copy kitty.desktop to ~/.local/share/applications
           ^ column 9

<<< caused by >>>

Finalization of task args for 'ansible.builtin.file' failed.
Origin: /home/admin/Playground/ansible/kitty/playbook.yaml:82:9

80
81       - name: Copy kitty.desktop to ~/.local/share/applications
82         ansible.builtin.file:
           ^ column 9

<<< caused by >>>

Error while resolving value for 'src': 'install_dir' is undefined
Origin: /home/admin/Playground/ansible/kitty/playbook.yaml:83:16

81       - name: Copy kitty.desktop to ~/.local/share/applications
82         ansible.builtin.file:
83           src: "{{ install_dir }}/share/applications/kitty.desktop"
                  ^ column 16


2026-08-16 15:55:17,111 p=48153 u=admin n=ansible INFO| fatal: [localhost]: FAILED! => {"changed": false, "msg": "Task failed: Finalization of task args for 'ansible.builtin.file' failed: Error while resolving value for 'src': 'install_dir' is undefined"}
2026-08-16 15:55:17,112 p=48153 u=admin n=ansible INFO| PLAY RECAP *********************************************************************************************************************************************************************************************************
2026-08-16 15:55:17,112 p=48153 u=admin n=ansible INFO| localhost                  : ok=6    changed=2    unreachable=0    failed=1    skipped=2    rescued=0    ignored=0   
2026-08-16 15:56:05,744 p=48528 u=admin n=ansible INFO| Using /home/admin/Playground/ansible/kitty/ansible.cfg as config file
2026-08-16 15:56:05,992 p=48528 u=admin n=ansible INFO| PLAY [Testing kitty installation] **********************************************************************************************************************************************************************************
2026-08-16 15:56:06,003 p=48528 u=admin n=ansible INFO| TASK [Gathering Facts] *********************************************************************************************************************************************************************************************
2026-08-16 15:56:07,370 p=48528 u=admin n=ansible WARNING| [WARNING]: Host 'localhost' is using the discovered Python interpreter at '/usr/bin/python3.14', but future installation of another Python interpreter could cause a different interpreter to be discovered. See https://docs.ansible.com/ansible-core/2.20/reference_appendices/interpreter_discovery.html for more information.

2026-08-16 15:56:07,370 p=48528 u=admin n=ansible INFO| ok: [localhost]
2026-08-16 15:56:07,375 p=48528 u=admin n=ansible INFO| TASK [Get info on Kitty executable.] *******************************************************************************************************************************************************************************
2026-08-16 15:56:07,919 p=48528 u=admin n=ansible INFO| ok: [localhost] => {"changed": false, "stat": {"exists": false}}
2026-08-16 15:56:07,926 p=48528 u=admin n=ansible INFO| TASK [Get info string from kitty -v.] ******************************************************************************************************************************************************************************
2026-08-16 15:56:07,942 p=48528 u=admin n=ansible INFO| skipping: [localhost] => {"changed": false, "false_condition": "kitty_binary.stat.exists", "skip_reason": "Conditional result was False"}
2026-08-16 15:56:07,948 p=48528 u=admin n=ansible INFO| TASK [Extract kitty version from installed_kitty_info.] ************************************************************************************************************************************************************
2026-08-16 15:56:07,963 p=48528 u=admin n=ansible INFO| skipping: [localhost] => {"changed": false, "false_condition": "kitty_binary.stat.exists", "skip_reason": "Conditional result was False"}
2026-08-16 15:56:07,968 p=48528 u=admin n=ansible INFO| TASK [Determine if Kitty needs to be installed.] *******************************************************************************************************************************************************************
2026-08-16 15:56:07,997 p=48528 u=admin n=ansible INFO| ok: [localhost] => {"ansible_facts": {"kitty_needs_installation": true}, "changed": false}
2026-08-16 15:56:08,002 p=48528 u=admin n=ansible INFO| TASK [Create dirs if they don't exist] *****************************************************************************************************************************************************************************
2026-08-16 15:56:08,581 p=48528 u=admin n=ansible INFO| ok: [localhost] => (item=/home/admin/.ansible/tmp) => {"ansible_loop_var": "item", "changed": false, "gid": 1000, "group": "admin", "item": "/home/admin/.ansible/tmp", "mode": "0700", "owner": "admin", "path": "/home/admin/.ansible/tmp", "secontext": "unconfined_u:object_r:user_home_t:s0", "size": 212, "state": "directory", "uid": 1000}
2026-08-16 15:56:08,987 p=48528 u=admin n=ansible INFO| changed: [localhost] => (item=/home/admin/.local/kitty.app) => {"ansible_loop_var": "item", "changed": true, "gid": 1000, "group": "admin", "item": "/home/admin/.local/kitty.app", "mode": "0755", "owner": "admin", "path": "/home/admin/.local/kitty.app", "secontext": "unconfined_u:object_r:gconf_home_t:s0", "size": 0, "state": "directory", "uid": 1000}
2026-08-16 15:56:09,396 p=48528 u=admin n=ansible INFO| ok: [localhost] => (item=/home/admin/.local/bin) => {"ansible_loop_var": "item", "changed": false, "gid": 1000, "group": "admin", "item": "/home/admin/.local/bin", "mode": "0755", "owner": "admin", "path": "/home/admin/.local/bin", "secontext": "unconfined_u:object_r:gconf_home_t:s0", "size": 22, "state": "directory", "uid": 1000}
2026-08-16 15:56:09,403 p=48528 u=admin n=ansible INFO| TASK [Download and unarchive Kitty] ********************************************************************************************************************************************************************************
2026-08-16 15:56:18,406 p=48528 u=admin n=ansible INFO| changed: [localhost] => {"changed": true, "dest": "/home/admin/.local/kitty.app", "extract_results": {"cmd": ["/usr/bin/gtar", "--extract", "-C", "/home/admin/.local/kitty.app", "-f", "/home/admin/.ansible/tmp/ansible-tmp-1786875069.430404-48689-139128248261292/kitty-0.48.2-x86_64ejlk0zvz.txz"], "err": "", "out": "", "rc": 0}, "gid": 1000, "group": "admin", "handler": "TarArchive", "mode": "0755", "owner": "admin", "secontext": "unconfined_u:object_r:gconf_home_t:s0", "size": 22, "src": "/home/admin/.ansible/tmp/ansible-tmp-1786875069.430404-48689-139128248261292/kitty-0.48.2-x86_64ejlk0zvz.txz", "state": "directory", "uid": 1000}
2026-08-16 15:56:18,411 p=48528 u=admin n=ansible INFO| TASK [Create symlinks to PATH] *************************************************************************************************************************************************************************************
2026-08-16 15:56:18,858 p=48528 u=admin n=ansible INFO| ok: [localhost] => (item={'src': 'kitty', 'dest': 'kitty'}) => {"ansible_loop_var": "item", "changed": false, "dest": "/home/admin/.local/bin/kitty", "gid": 1000, "group": "admin", "item": {"dest": "kitty", "src": "kitty"}, "mode": "0777", "owner": "admin", "secontext": "unconfined_u:object_r:gconf_home_t:s0", "size": 38, "src": "/home/admin/.local/kitty.app/bin/kitty", "state": "link", "uid": 1000}
2026-08-16 15:56:19,278 p=48528 u=admin n=ansible INFO| ok: [localhost] => (item={'src': 'kitten', 'dest': 'kitten'}) => {"ansible_loop_var": "item", "changed": false, "dest": "/home/admin/.local/bin/kitten", "gid": 1000, "group": "admin", "item": {"dest": "kitten", "src": "kitten"}, "mode": "0777", "owner": "admin", "secontext": "unconfined_u:object_r:gconf_home_t:s0", "size": 39, "src": "/home/admin/.local/kitty.app/bin/kitten", "state": "link", "uid": 1000}
2026-08-16 15:56:19,285 p=48528 u=admin n=ansible INFO| TASK [Copy kitty.desktop to ~/.local/share/applications] ***********************************************************************************************************************************************************
2026-08-16 15:56:19,712 p=48528 u=admin n=ansible ERROR| [ERROR]: Task failed: Module failed: src option requires state to be 'link' or 'hard'
Origin: /home/admin/Playground/ansible/kitty/playbook.yaml:81:9

79       block:
80
81       - name: Copy kitty.desktop to ~/.local/share/applications
           ^ column 9


2026-08-16 15:56:19,712 p=48528 u=admin n=ansible INFO| fatal: [localhost]: FAILED! => {"changed": false, "msg": "src option requires state to be 'link' or 'hard'", "path": "/home/admin/.local/share/applications/kitty.desktop"}
2026-08-16 15:56:19,713 p=48528 u=admin n=ansible INFO| PLAY RECAP *********************************************************************************************************************************************************************************************************
2026-08-16 15:56:19,713 p=48528 u=admin n=ansible INFO| localhost                  : ok=6    changed=2    unreachable=0    failed=1    skipped=2    rescued=0    ignored=0   
2026-08-16 16:10:56,296 p=51507 u=admin n=ansible INFO| Using /home/admin/Playground/ansible/kitty/ansible.cfg as config file
2026-08-16 16:10:56,551 p=51507 u=admin n=ansible INFO| PLAY [Testing kitty installation] **********************************************************************************************************************************************************************************
2026-08-16 16:10:56,562 p=51507 u=admin n=ansible INFO| TASK [Gathering Facts] *********************************************************************************************************************************************************************************************
2026-08-16 16:10:57,899 p=51507 u=admin n=ansible WARNING| [WARNING]: Host 'localhost' is using the discovered Python interpreter at '/usr/bin/python3.14', but future installation of another Python interpreter could cause a different interpreter to be discovered. See https://docs.ansible.com/ansible-core/2.20/reference_appendices/interpreter_discovery.html for more information.

2026-08-16 16:10:57,899 p=51507 u=admin n=ansible INFO| ok: [localhost]
2026-08-16 16:10:57,904 p=51507 u=admin n=ansible INFO| TASK [Get info on Kitty executable.] *******************************************************************************************************************************************************************************
2026-08-16 16:10:58,461 p=51507 u=admin n=ansible INFO| ok: [localhost] => {"changed": false, "stat": {"exists": false}}
2026-08-16 16:10:58,467 p=51507 u=admin n=ansible INFO| TASK [Get info string from kitty -v.] ******************************************************************************************************************************************************************************
2026-08-16 16:10:58,484 p=51507 u=admin n=ansible INFO| skipping: [localhost] => {"changed": false, "false_condition": "kitty_binary.stat.exists", "skip_reason": "Conditional result was False"}
2026-08-16 16:10:58,489 p=51507 u=admin n=ansible INFO| TASK [Extract kitty version from installed_kitty_info.] ************************************************************************************************************************************************************
2026-08-16 16:10:58,506 p=51507 u=admin n=ansible INFO| skipping: [localhost] => {"changed": false, "false_condition": "kitty_binary.stat.exists", "skip_reason": "Conditional result was False"}
2026-08-16 16:10:58,511 p=51507 u=admin n=ansible INFO| TASK [Determine if Kitty needs to be installed.] *******************************************************************************************************************************************************************
2026-08-16 16:10:58,541 p=51507 u=admin n=ansible INFO| ok: [localhost] => {"ansible_facts": {"kitty_needs_installation": true}, "changed": false}
2026-08-16 16:10:58,546 p=51507 u=admin n=ansible INFO| TASK [Create dirs if they don't exist] *****************************************************************************************************************************************************************************
2026-08-16 16:10:59,136 p=51507 u=admin n=ansible INFO| ok: [localhost] => (item=/home/admin/.ansible/tmp) => {"ansible_loop_var": "item", "changed": false, "gid": 1000, "group": "admin", "item": "/home/admin/.ansible/tmp", "mode": "0700", "owner": "admin", "path": "/home/admin/.ansible/tmp", "secontext": "unconfined_u:object_r:user_home_t:s0", "size": 212, "state": "directory", "uid": 1000}
2026-08-16 16:10:59,545 p=51507 u=admin n=ansible INFO| changed: [localhost] => (item=/home/admin/.local/kitty.app) => {"ansible_loop_var": "item", "changed": true, "gid": 1000, "group": "admin", "item": "/home/admin/.local/kitty.app", "mode": "0755", "owner": "admin", "path": "/home/admin/.local/kitty.app", "secontext": "unconfined_u:object_r:gconf_home_t:s0", "size": 0, "state": "directory", "uid": 1000}
2026-08-16 16:10:59,949 p=51507 u=admin n=ansible INFO| ok: [localhost] => (item=/home/admin/.local/bin) => {"ansible_loop_var": "item", "changed": false, "gid": 1000, "group": "admin", "item": "/home/admin/.local/bin", "mode": "0755", "owner": "admin", "path": "/home/admin/.local/bin", "secontext": "unconfined_u:object_r:gconf_home_t:s0", "size": 22, "state": "directory", "uid": 1000}
2026-08-16 16:10:59,956 p=51507 u=admin n=ansible INFO| TASK [Download and unarchive Kitty] ********************************************************************************************************************************************************************************
2026-08-16 16:11:09,289 p=51507 u=admin n=ansible INFO| changed: [localhost] => {"changed": true, "dest": "/home/admin/.local/kitty.app", "extract_results": {"cmd": ["/usr/bin/gtar", "--extract", "-C", "/home/admin/.local/kitty.app", "-f", "/home/admin/.ansible/tmp/ansible-tmp-1786875959.982563-51626-133999516219424/kitty-0.48.2-x86_647k1n9drw.txz"], "err": "", "out": "", "rc": 0}, "gid": 1000, "group": "admin", "handler": "TarArchive", "mode": "0755", "owner": "admin", "secontext": "unconfined_u:object_r:gconf_home_t:s0", "size": 22, "src": "/home/admin/.ansible/tmp/ansible-tmp-1786875959.982563-51626-133999516219424/kitty-0.48.2-x86_647k1n9drw.txz", "state": "directory", "uid": 1000}
2026-08-16 16:11:09,294 p=51507 u=admin n=ansible INFO| TASK [Create symlinks to PATH] *************************************************************************************************************************************************************************************
2026-08-16 16:11:09,734 p=51507 u=admin n=ansible INFO| ok: [localhost] => (item={'src': 'kitty', 'dest': 'kitty'}) => {"ansible_loop_var": "item", "changed": false, "dest": "/home/admin/.local/bin/kitty", "gid": 1000, "group": "admin", "item": {"dest": "kitty", "src": "kitty"}, "mode": "0777", "owner": "admin", "secontext": "unconfined_u:object_r:gconf_home_t:s0", "size": 38, "src": "/home/admin/.local/kitty.app/bin/kitty", "state": "link", "uid": 1000}
2026-08-16 16:11:10,154 p=51507 u=admin n=ansible INFO| ok: [localhost] => (item={'src': 'kitten', 'dest': 'kitten'}) => {"ansible_loop_var": "item", "changed": false, "dest": "/home/admin/.local/bin/kitten", "gid": 1000, "group": "admin", "item": {"dest": "kitten", "src": "kitten"}, "mode": "0777", "owner": "admin", "secontext": "unconfined_u:object_r:gconf_home_t:s0", "size": 39, "src": "/home/admin/.local/kitty.app/bin/kitten", "state": "link", "uid": 1000}
2026-08-16 16:11:10,162 p=51507 u=admin n=ansible INFO| TASK [Copy kitty.desktop to ~/.local/share/applications] ***********************************************************************************************************************************************************
2026-08-16 16:11:11,494 p=51507 u=admin n=ansible INFO| changed: [localhost] => {"changed": true, "checksum": "a329b400ccf55e6b135fd50dac4d1e6109e60095", "dest": "/home/admin/.local/share/applications/kitty.desktop", "gid": 1000, "group": "admin", "md5sum": "5d3decf237d3c1fd67e3f85dae375e0d", "mode": "0644", "owner": "admin", "secontext": "unconfined_u:object_r:data_home_t:s0", "size": 361, "src": "/home/admin/.ansible/tmp/ansible-tmp-1786875970.1906683-51700-184926809339822/.source.desktop", "state": "file", "uid": 1000}
2026-08-16 16:11:11,499 p=51507 u=admin n=ansible INFO| TASK [Update kitty.desktop icon] ***********************************************************************************************************************************************************************************
2026-08-16 16:11:12,062 p=51507 u=admin n=ansible INFO| changed: [localhost] => {"changed": true, "msg": "1 replacements made", "rc": 0}
2026-08-16 16:11:12,067 p=51507 u=admin n=ansible INFO| TASK [Update kitty.desktop exec path] ******************************************************************************************************************************************************************************
2026-08-16 16:11:12,487 p=51507 u=admin n=ansible INFO| changed: [localhost] => {"changed": true, "msg": "1 replacements made", "rc": 0}
2026-08-16 16:11:12,488 p=51507 u=admin n=ansible INFO| PLAY RECAP *********************************************************************************************************************************************************************************************************
2026-08-16 16:11:12,488 p=51507 u=admin n=ansible INFO| localhost                  : ok=9    changed=5    unreachable=0    failed=0    skipped=2    rescued=0    ignored=0   
2026-08-16 16:16:17,468 p=52590 u=admin n=ansible INFO| Using /home/admin/Playground/ansible/kitty/ansible.cfg as config file
2026-08-16 16:16:17,719 p=52590 u=admin n=ansible INFO| PLAY [Testing kitty installation] **********************************************************************************************************************************************************************************
2026-08-16 16:16:17,731 p=52590 u=admin n=ansible INFO| TASK [Gathering Facts] *********************************************************************************************************************************************************************************************
2026-08-16 16:16:19,050 p=52590 u=admin n=ansible WARNING| [WARNING]: Host 'localhost' is using the discovered Python interpreter at '/usr/bin/python3.14', but future installation of another Python interpreter could cause a different interpreter to be discovered. See https://docs.ansible.com/ansible-core/2.20/reference_appendices/interpreter_discovery.html for more information.

2026-08-16 16:16:19,051 p=52590 u=admin n=ansible INFO| ok: [localhost]
2026-08-16 16:16:19,056 p=52590 u=admin n=ansible INFO| TASK [Get info on Kitty executable.] *******************************************************************************************************************************************************************************
2026-08-16 16:16:19,603 p=52590 u=admin n=ansible INFO| ok: [localhost] => {"changed": false, "stat": {"exists": false}}
2026-08-16 16:16:19,610 p=52590 u=admin n=ansible INFO| TASK [Get info string from kitty -v.] ******************************************************************************************************************************************************************************
2026-08-16 16:16:19,626 p=52590 u=admin n=ansible INFO| skipping: [localhost] => {"changed": false, "false_condition": "kitty_binary.stat.exists", "skip_reason": "Conditional result was False"}
2026-08-16 16:16:19,632 p=52590 u=admin n=ansible INFO| TASK [Extract kitty version from installed_kitty_info.] ************************************************************************************************************************************************************
2026-08-16 16:16:19,648 p=52590 u=admin n=ansible INFO| skipping: [localhost] => {"changed": false, "false_condition": "kitty_binary.stat.exists", "skip_reason": "Conditional result was False"}
2026-08-16 16:16:19,653 p=52590 u=admin n=ansible INFO| TASK [Determine if Kitty needs to be installed.] *******************************************************************************************************************************************************************
2026-08-16 16:16:19,682 p=52590 u=admin n=ansible INFO| ok: [localhost] => {"ansible_facts": {"kitty_needs_installation": true}, "changed": false}
2026-08-16 16:16:19,688 p=52590 u=admin n=ansible INFO| TASK [Create dirs if they don't exist] *****************************************************************************************************************************************************************************
2026-08-16 16:16:20,270 p=52590 u=admin n=ansible INFO| ok: [localhost] => (item=/home/admin/.ansible/tmp) => {"ansible_loop_var": "item", "changed": false, "gid": 1000, "group": "admin", "item": "/home/admin/.ansible/tmp", "mode": "0700", "owner": "admin", "path": "/home/admin/.ansible/tmp", "secontext": "unconfined_u:object_r:user_home_t:s0", "size": 212, "state": "directory", "uid": 1000}
2026-08-16 16:16:20,676 p=52590 u=admin n=ansible INFO| changed: [localhost] => (item=/home/admin/.local/kitty.app) => {"ansible_loop_var": "item", "changed": true, "gid": 1000, "group": "admin", "item": "/home/admin/.local/kitty.app", "mode": "0755", "owner": "admin", "path": "/home/admin/.local/kitty.app", "secontext": "unconfined_u:object_r:gconf_home_t:s0", "size": 0, "state": "directory", "uid": 1000}
2026-08-16 16:16:21,081 p=52590 u=admin n=ansible INFO| ok: [localhost] => (item=/home/admin/.local/bin) => {"ansible_loop_var": "item", "changed": false, "gid": 1000, "group": "admin", "item": "/home/admin/.local/bin", "mode": "0755", "owner": "admin", "path": "/home/admin/.local/bin", "secontext": "unconfined_u:object_r:gconf_home_t:s0", "size": 22, "state": "directory", "uid": 1000}
2026-08-16 16:16:21,089 p=52590 u=admin n=ansible INFO| TASK [Download and unarchive Kitty] ********************************************************************************************************************************************************************************
2026-08-16 16:16:22,184 p=52590 u=admin n=ansible ERROR| [ERROR]: Task failed: Module failed: Unsupported parameters for (ansible.legacy.unarchive) module: register. Supported parameters include: attributes, copy, creates, decrypt, dest, exclude, extra_opts, group, include, io_buffer_size, keep_newer, list_files, mode, owner, remote_src, selevel, serole, setype, seuser, src, unsafe_writes, validate_certs (attr).
Origin: /home/admin/Playground/ansible/kitty/playbook.yaml:63:7

61       loop: "{{ dirs }}"
62
63     - name: Download and unarchive Kitty
         ^ column 7


2026-08-16 16:16:22,185 p=52590 u=admin n=ansible INFO| fatal: [localhost]: FAILED! => {"changed": false, "msg": "Unsupported parameters for (ansible.legacy.unarchive) module: register. Supported parameters include: attributes, copy, creates, decrypt, dest, exclude, extra_opts, group, include, io_buffer_size, keep_newer, list_files, mode, owner, remote_src, selevel, serole, setype, seuser, src, unsafe_writes, validate_certs (attr)."}
2026-08-16 16:16:22,186 p=52590 u=admin n=ansible INFO| PLAY RECAP *********************************************************************************************************************************************************************************************************
2026-08-16 16:16:22,186 p=52590 u=admin n=ansible INFO| localhost                  : ok=4    changed=1    unreachable=0    failed=1    skipped=2    rescued=0    ignored=0   
2026-08-16 16:26:51,482 p=54316 u=admin n=ansible INFO| Using /home/admin/Playground/ansible/kitty/ansible.cfg as config file
2026-08-16 16:26:51,735 p=54316 u=admin n=ansible INFO| PLAY [Testing kitty installation] **********************************************************************************************************************************************************************************
2026-08-16 16:26:51,748 p=54316 u=admin n=ansible INFO| TASK [Gathering Facts] *********************************************************************************************************************************************************************************************
2026-08-16 16:26:54,082 p=54316 u=admin n=ansible WARNING| [WARNING]: Host 'localhost' is using the discovered Python interpreter at '/usr/bin/python3.14', but future installation of another Python interpreter could cause a different interpreter to be discovered. See https://docs.ansible.com/ansible-core/2.20/reference_appendices/interpreter_discovery.html for more information.

2026-08-16 16:26:54,082 p=54316 u=admin n=ansible INFO| ok: [localhost]
2026-08-16 16:26:54,087 p=54316 u=admin n=ansible INFO| TASK [Get info on Kitty executable.] *******************************************************************************************************************************************************************************
2026-08-16 16:26:54,651 p=54316 u=admin n=ansible INFO| ok: [localhost] => {"changed": false, "stat": {"exists": false}}
2026-08-16 16:26:54,657 p=54316 u=admin n=ansible INFO| TASK [Get info string from kitty -v.] ******************************************************************************************************************************************************************************
2026-08-16 16:26:54,673 p=54316 u=admin n=ansible INFO| skipping: [localhost] => {"changed": false, "false_condition": "kitty_binary.stat.exists", "skip_reason": "Conditional result was False"}
2026-08-16 16:26:54,679 p=54316 u=admin n=ansible INFO| TASK [Extract kitty version from installed_kitty_info.] ************************************************************************************************************************************************************
2026-08-16 16:26:54,695 p=54316 u=admin n=ansible INFO| skipping: [localhost] => {"changed": false, "false_condition": "kitty_binary.stat.exists", "skip_reason": "Conditional result was False"}
2026-08-16 16:26:54,700 p=54316 u=admin n=ansible INFO| TASK [Determine if Kitty needs to be installed.] *******************************************************************************************************************************************************************
2026-08-16 16:26:54,730 p=54316 u=admin n=ansible INFO| ok: [localhost] => {"ansible_facts": {"kitty_needs_installation": true}, "changed": false}
2026-08-16 16:26:54,735 p=54316 u=admin n=ansible INFO| TASK [Create dirs if they don't exist] *****************************************************************************************************************************************************************************
2026-08-16 16:26:55,318 p=54316 u=admin n=ansible INFO| changed: [localhost] => (item=/home/admin/.local/kitty.app) => {"ansible_loop_var": "item", "changed": true, "gid": 1000, "group": "admin", "item": "/home/admin/.local/kitty.app", "mode": "0755", "owner": "admin", "path": "/home/admin/.local/kitty.app", "secontext": "unconfined_u:object_r:gconf_home_t:s0", "size": 0, "state": "directory", "uid": 1000}
2026-08-16 16:26:55,722 p=54316 u=admin n=ansible INFO| ok: [localhost] => (item=/home/admin/.local/bin) => {"ansible_loop_var": "item", "changed": false, "gid": 1000, "group": "admin", "item": "/home/admin/.local/bin", "mode": "0755", "owner": "admin", "path": "/home/admin/.local/bin", "secontext": "unconfined_u:object_r:gconf_home_t:s0", "size": 22, "state": "directory", "uid": 1000}
2026-08-16 16:26:55,731 p=54316 u=admin n=ansible INFO| TASK [Download and unarchive Kitty] ********************************************************************************************************************************************************************************
2026-08-16 16:27:05,915 p=54316 u=admin n=ansible INFO| changed: [localhost] => {"changed": true, "dest": "/home/admin/.local/kitty.app", "extract_results": {"cmd": ["/usr/bin/gtar", "--extract", "-C", "/home/admin/.local/kitty.app", "-f", "/home/admin/.ansible/tmp/ansible-tmp-1786876915.7571955-54425-107994792841491/kitty-0.48.2-x86_6432s5fm09.txz"], "err": "", "out": "", "rc": 0}, "gid": 1000, "group": "admin", "handler": "TarArchive", "mode": "0755", "owner": "admin", "secontext": "unconfined_u:object_r:gconf_home_t:s0", "size": 22, "src": "/home/admin/.ansible/tmp/ansible-tmp-1786876915.7571955-54425-107994792841491/kitty-0.48.2-x86_6432s5fm09.txz", "state": "directory", "uid": 1000}
2026-08-16 16:27:05,920 p=54316 u=admin n=ansible INFO| TASK [Create symlinks to PATH] *************************************************************************************************************************************************************************************
2026-08-16 16:27:06,367 p=54316 u=admin n=ansible INFO| ok: [localhost] => (item={'src': 'kitty', 'dest': 'kitty'}) => {"ansible_loop_var": "item", "changed": false, "dest": "/home/admin/.local/bin/kitty", "gid": 1000, "group": "admin", "item": {"dest": "kitty", "src": "kitty"}, "mode": "0777", "owner": "admin", "secontext": "unconfined_u:object_r:gconf_home_t:s0", "size": 38, "src": "/home/admin/.local/kitty.app/bin/kitty", "state": "link", "uid": 1000}
2026-08-16 16:27:06,791 p=54316 u=admin n=ansible INFO| ok: [localhost] => (item={'src': 'kitten', 'dest': 'kitten'}) => {"ansible_loop_var": "item", "changed": false, "dest": "/home/admin/.local/bin/kitten", "gid": 1000, "group": "admin", "item": {"dest": "kitten", "src": "kitten"}, "mode": "0777", "owner": "admin", "secontext": "unconfined_u:object_r:gconf_home_t:s0", "size": 39, "src": "/home/admin/.local/kitty.app/bin/kitten", "state": "link", "uid": 1000}
2026-08-16 16:27:06,799 p=54316 u=admin n=ansible INFO| TASK [Copy kitty.desktop to ~/.local/share/applications] ***********************************************************************************************************************************************************
2026-08-16 16:27:07,369 p=54316 u=admin n=ansible INFO| changed: [localhost] => {"changed": true, "checksum": "a329b400ccf55e6b135fd50dac4d1e6109e60095", "dest": "/home/admin/.local/share/applications/kitty.desktop", "gid": 1000, "group": "admin", "md5sum": "5d3decf237d3c1fd67e3f85dae375e0d", "mode": "0644", "owner": "admin", "secontext": "unconfined_u:object_r:data_home_t:s0", "size": 361, "src": "/home/admin/.local/kitty.app/share/applications/kitty.desktop", "state": "file", "uid": 1000}
2026-08-16 16:27:07,375 p=54316 u=admin n=ansible INFO| TASK [Update kitty.desktop icon] ***********************************************************************************************************************************************************************************
2026-08-16 16:27:07,942 p=54316 u=admin n=ansible INFO| changed: [localhost] => {"changed": true, "msg": "1 replacements made", "rc": 0}
2026-08-16 16:27:07,950 p=54316 u=admin n=ansible INFO| TASK [Update kitty.desktop exec path] ******************************************************************************************************************************************************************************
2026-08-16 16:27:08,365 p=54316 u=admin n=ansible INFO| changed: [localhost] => {"changed": true, "msg": "1 replacements made", "rc": 0}
2026-08-16 16:27:08,367 p=54316 u=admin n=ansible INFO| PLAY RECAP *********************************************************************************************************************************************************************************************************
2026-08-16 16:27:08,367 p=54316 u=admin n=ansible INFO| localhost                  : ok=9    changed=5    unreachable=0    failed=0    skipped=2    rescued=0    ignored=0   
2026-08-16 16:27:13,330 p=54572 u=admin n=ansible INFO| Using /home/admin/Playground/ansible/kitty/ansible.cfg as config file
2026-08-16 16:27:13,588 p=54572 u=admin n=ansible INFO| PLAY [Testing kitty installation] **********************************************************************************************************************************************************************************
2026-08-16 16:27:13,600 p=54572 u=admin n=ansible INFO| TASK [Gathering Facts] *********************************************************************************************************************************************************************************************
2026-08-16 16:27:15,009 p=54572 u=admin n=ansible WARNING| [WARNING]: Host 'localhost' is using the discovered Python interpreter at '/usr/bin/python3.14', but future installation of another Python interpreter could cause a different interpreter to be discovered. See https://docs.ansible.com/ansible-core/2.20/reference_appendices/interpreter_discovery.html for more information.

2026-08-16 16:27:15,009 p=54572 u=admin n=ansible INFO| ok: [localhost]
2026-08-16 16:27:15,014 p=54572 u=admin n=ansible INFO| TASK [Get info on Kitty executable.] *******************************************************************************************************************************************************************************
2026-08-16 16:27:15,586 p=54572 u=admin n=ansible INFO| ok: [localhost] => {"changed": false, "stat": {"atime": 1786876925.6163707, "attr_flags": "", "attributes": [], "block_size": 4096, "blocks": 408, "charset": "binary", "checksum": "09f53ce371248bddb06401c9e0a1aecc056b9e1a", "ctime": 1786876925.6213708, "dev": 51, "device_type": 0, "executable": true, "exists": true, "gid": 1000, "gr_name": "admin", "inode": 69877, "isblk": false, "ischr": false, "isdir": false, "isfifo": false, "isgid": false, "islnk": false, "isreg": true, "issock": false, "isuid": false, "mimetype": "application/x-pie-executable", "mode": "0755", "mtime": 1785411326.6381469, "nlink": 1, "path": "/home/admin/.local/kitty.app/bin/kitty", "pw_name": "admin", "readable": true, "rgrp": true, "roth": true, "rusr": true, "size": 207656, "uid": 1000, "version": "594", "wgrp": false, "woth": false, "writeable": true, "wusr": true, "xgrp": true, "xoth": true, "xusr": true}}
2026-08-16 16:27:15,592 p=54572 u=admin n=ansible INFO| TASK [Get info string from kitty -v.] ******************************************************************************************************************************************************************************
2026-08-16 16:27:16,157 p=54572 u=admin n=ansible INFO| ok: [localhost] => {"changed": false, "cmd": ["/home/admin/.local/kitty.app/bin/kitty", "-v"], "delta": "0:00:00.005135", "end": "2026-08-16 16:27:16.112083", "msg": "", "rc": 0, "start": "2026-08-16 16:27:16.106948", "stderr": "", "stderr_lines": [], "stdout": "kitty 0.48.2 created by Kovid Goyal", "stdout_lines": ["kitty 0.48.2 created by Kovid Goyal"]}
2026-08-16 16:27:16,162 p=54572 u=admin n=ansible INFO| TASK [Extract kitty version from installed_kitty_info.] ************************************************************************************************************************************************************
2026-08-16 16:27:16,187 p=54572 u=admin n=ansible INFO| ok: [localhost] => {"ansible_facts": {"installed_kitty_version": "0.48.2"}, "changed": false}
2026-08-16 16:27:16,192 p=54572 u=admin n=ansible INFO| TASK [Determine if Kitty needs to be installed.] *******************************************************************************************************************************************************************
2026-08-16 16:27:16,221 p=54572 u=admin n=ansible INFO| ok: [localhost] => {"ansible_facts": {"kitty_needs_installation": false}, "changed": false}
2026-08-16 16:27:16,226 p=54572 u=admin n=ansible INFO| TASK [Create dirs if they don't exist] *****************************************************************************************************************************************************************************
2026-08-16 16:27:16,249 p=54572 u=admin n=ansible INFO| skipping: [localhost] => (item=/home/admin/.local/kitty.app)  => {"ansible_loop_var": "item", "changed": false, "false_condition": "kitty_needs_installation", "item": "/home/admin/.local/kitty.app", "skip_reason": "Conditional result was False"}
2026-08-16 16:27:16,251 p=54572 u=admin n=ansible INFO| skipping: [localhost] => (item=/home/admin/.local/bin)  => {"ansible_loop_var": "item", "changed": false, "false_condition": "kitty_needs_installation", "item": "/home/admin/.local/bin", "skip_reason": "Conditional result was False"}
2026-08-16 16:27:16,252 p=54572 u=admin n=ansible INFO| skipping: [localhost] => {"changed": false, "msg": "All items skipped"}
2026-08-16 16:27:16,258 p=54572 u=admin n=ansible INFO| TASK [Download and unarchive Kitty] ********************************************************************************************************************************************************************************
2026-08-16 16:27:16,274 p=54572 u=admin n=ansible INFO| skipping: [localhost] => {"changed": false, "false_condition": "kitty_needs_installation", "skip_reason": "Conditional result was False"}
2026-08-16 16:27:16,280 p=54572 u=admin n=ansible INFO| TASK [Create symlinks to PATH] *************************************************************************************************************************************************************************************
2026-08-16 16:27:16,299 p=54572 u=admin n=ansible INFO| skipping: [localhost] => (item={'src': 'kitty', 'dest': 'kitty'})  => {"ansible_loop_var": "item", "changed": false, "false_condition": "kitty_needs_installation", "item": {"dest": "kitty", "src": "kitty"}, "skip_reason": "Conditional result was False"}
2026-08-16 16:27:16,301 p=54572 u=admin n=ansible INFO| skipping: [localhost] => (item={'src': 'kitten', 'dest': 'kitten'})  => {"ansible_loop_var": "item", "changed": false, "false_condition": "kitty_needs_installation", "item": {"dest": "kitten", "src": "kitten"}, "skip_reason": "Conditional result was False"}
2026-08-16 16:27:16,303 p=54572 u=admin n=ansible INFO| skipping: [localhost] => {"changed": false, "msg": "All items skipped"}
2026-08-16 16:27:16,309 p=54572 u=admin n=ansible INFO| TASK [Copy kitty.desktop to ~/.local/share/applications] ***********************************************************************************************************************************************************
2026-08-16 16:27:16,325 p=54572 u=admin n=ansible INFO| skipping: [localhost] => {"changed": false, "false_condition": "kitty_needs_installation", "skip_reason": "Conditional result was False"}
2026-08-16 16:27:16,330 p=54572 u=admin n=ansible INFO| TASK [Update kitty.desktop icon] ***********************************************************************************************************************************************************************************
2026-08-16 16:27:16,346 p=54572 u=admin n=ansible INFO| skipping: [localhost] => {"changed": false, "false_condition": "kitty_needs_installation", "skip_reason": "Conditional result was False"}
2026-08-16 16:27:16,351 p=54572 u=admin n=ansible INFO| TASK [Update kitty.desktop exec path] ******************************************************************************************************************************************************************************
2026-08-16 16:27:16,367 p=54572 u=admin n=ansible INFO| skipping: [localhost] => {"changed": false, "false_condition": "kitty_needs_installation", "skip_reason": "Conditional result was False"}
2026-08-16 16:27:16,369 p=54572 u=admin n=ansible INFO| PLAY RECAP *********************************************************************************************************************************************************************************************************
2026-08-16 16:27:16,369 p=54572 u=admin n=ansible INFO| localhost                  : ok=5    changed=0    unreachable=0    failed=0    skipped=6    rescued=0    ignored=0   
2026-08-16 19:00:29,609 p=74213 u=admin n=ansible INFO| Using /home/admin/Dotfiles/ansible/ansible.cfg as config file
2026-08-16 19:00:29,924 p=74213 u=admin n=ansible INFO| PLAY [Configure Workstation] **********************************************************************************************************************************
2026-08-16 19:00:29,944 p=74213 u=admin n=ansible INFO| TASK [Gathering Facts] ****************************************************************************************************************************************
2026-08-16 19:00:31,330 p=74213 u=admin n=ansible INFO| ok: [localhost]
2026-08-16 19:00:31,335 p=74213 u=admin n=ansible INFO| TASK [kitty : Get info on Kitty executable.] ******************************************************************************************************************
2026-08-16 19:00:31,900 p=74213 u=admin n=ansible INFO| ok: [localhost] => {"changed": false, "stat": {"atime": 1786876935.52942, "attr_flags": "", "attributes": [], "block_size": 4096, "blocks": 408, "charset": "binary", "checksum": "09f53ce371248bddb06401c9e0a1aecc056b9e1a", "ctime": 1786876925.6213708, "dev": 51, "device_type": 0, "executable": true, "exists": true, "gid": 1000, "gr_name": "admin", "inode": 69877, "isblk": false, "ischr": false, "isdir": false, "isfifo": false, "isgid": false, "islnk": false, "isreg": true, "issock": false, "isuid": false, "mimetype": "application/x-pie-executable", "mode": "0755", "mtime": 1785411326.6381469, "nlink": 1, "path": "/home/admin/.local/kitty.app/bin/kitty", "pw_name": "admin", "readable": true, "rgrp": true, "roth": true, "rusr": true, "size": 207656, "uid": 1000, "version": "594", "wgrp": false, "woth": false, "writeable": true, "wusr": true, "xgrp": true, "xoth": true, "xusr": true}}
2026-08-16 19:00:31,906 p=74213 u=admin n=ansible INFO| TASK [kitty : Get info string from kitty -v.] *****************************************************************************************************************
2026-08-16 19:00:32,485 p=74213 u=admin n=ansible INFO| ok: [localhost] => {"changed": false, "cmd": ["/home/admin/.local/kitty.app/bin/kitty", "-v"], "delta": "0:00:00.029622", "end": "2026-08-16 19:00:32.439833", "msg": "", "rc": 0, "start": "2026-08-16 19:00:32.410211", "stderr": "", "stderr_lines": [], "stdout": "kitty 0.48.2 created by Kovid Goyal", "stdout_lines": ["kitty 0.48.2 created by Kovid Goyal"]}
2026-08-16 19:00:32,492 p=74213 u=admin n=ansible INFO| TASK [kitty : Extract kitty version from installed_kitty_info.] ***********************************************************************************************
2026-08-16 19:00:32,516 p=74213 u=admin n=ansible INFO| ok: [localhost] => {"ansible_facts": {"installed_kitty_version": "0.48.2"}, "changed": false}
2026-08-16 19:00:32,523 p=74213 u=admin n=ansible INFO| TASK [kitty : Determine if Kitty needs to be installed.] ******************************************************************************************************
2026-08-16 19:00:32,570 p=74213 u=admin n=ansible INFO| ok: [localhost] => {"ansible_facts": {"kitty_needs_installation": false}, "changed": false}
2026-08-16 19:00:32,575 p=74213 u=admin n=ansible INFO| TASK [kitty : Create dirs if they don't exist] ****************************************************************************************************************
2026-08-16 19:00:32,598 p=74213 u=admin n=ansible INFO| skipping: [localhost] => (item=/home/admin/.local/kitty.app)  => {"ansible_loop_var": "item", "changed": false, "false_condition": "kitty_needs_installation", "item": "/home/admin/.local/kitty.app", "skip_reason": "Conditional result was False"}
2026-08-16 19:00:32,600 p=74213 u=admin n=ansible INFO| skipping: [localhost] => (item=/home/admin/.local/bin)  => {"ansible_loop_var": "item", "changed": false, "false_condition": "kitty_needs_installation", "item": "/home/admin/.local/bin", "skip_reason": "Conditional result was False"}
2026-08-16 19:00:32,601 p=74213 u=admin n=ansible INFO| skipping: [localhost] => {"changed": false, "msg": "All items skipped"}
2026-08-16 19:00:32,608 p=74213 u=admin n=ansible INFO| TASK [kitty : Download and unarchive Kitty] *******************************************************************************************************************
2026-08-16 19:00:32,624 p=74213 u=admin n=ansible INFO| skipping: [localhost] => {"changed": false, "false_condition": "kitty_needs_installation", "skip_reason": "Conditional result was False"}
2026-08-16 19:00:32,630 p=74213 u=admin n=ansible INFO| TASK [kitty : Create symlinks to PATH] ************************************************************************************************************************
2026-08-16 19:00:32,649 p=74213 u=admin n=ansible INFO| skipping: [localhost] => (item={'src': 'kitty', 'dest': 'kitty'})  => {"ansible_loop_var": "item", "changed": false, "false_condition": "kitty_needs_installation", "item": {"dest": "kitty", "src": "kitty"}, "skip_reason": "Conditional result was False"}
2026-08-16 19:00:32,651 p=74213 u=admin n=ansible INFO| skipping: [localhost] => (item={'src': 'kitten', 'dest': 'kitten'})  => {"ansible_loop_var": "item", "changed": false, "false_condition": "kitty_needs_installation", "item": {"dest": "kitten", "src": "kitten"}, "skip_reason": "Conditional result was False"}
2026-08-16 19:00:32,653 p=74213 u=admin n=ansible INFO| skipping: [localhost] => {"changed": false, "msg": "All items skipped"}
2026-08-16 19:00:32,661 p=74213 u=admin n=ansible INFO| TASK [kitty : Copy kitty.desktop to ~/.local/share/applications] **********************************************************************************************
2026-08-16 19:00:32,677 p=74213 u=admin n=ansible INFO| skipping: [localhost] => {"changed": false, "false_condition": "kitty_needs_installation", "skip_reason": "Conditional result was False"}
2026-08-16 19:00:32,683 p=74213 u=admin n=ansible INFO| TASK [kitty : Update kitty.desktop icon path] *****************************************************************************************************************
2026-08-16 19:00:32,698 p=74213 u=admin n=ansible INFO| skipping: [localhost] => {"changed": false, "false_condition": "kitty_needs_installation", "skip_reason": "Conditional result was False"}
2026-08-16 19:00:32,705 p=74213 u=admin n=ansible INFO| TASK [kitty : Update kitty.desktop exec path] *****************************************************************************************************************
2026-08-16 19:00:32,721 p=74213 u=admin n=ansible INFO| skipping: [localhost] => {"changed": false, "false_condition": "kitty_needs_installation", "skip_reason": "Conditional result was False"}
2026-08-16 19:00:32,729 p=74213 u=admin n=ansible INFO| PLAY RECAP ****************************************************************************************************************************************************
2026-08-16 19:00:32,729 p=74213 u=admin n=ansible INFO| localhost                  : ok=5    changed=0    unreachable=0    failed=0    skipped=6    rescued=0    ignored=0   
2026-08-16 19:00:55,699 p=74708 u=admin n=ansible INFO| Using /home/admin/Dotfiles/ansible/ansible.cfg as config file
2026-08-16 19:00:55,954 p=74708 u=admin n=ansible INFO| PLAY [Configure Workstation] **********************************************************************************************************************************
2026-08-16 19:00:55,970 p=74708 u=admin n=ansible INFO| TASK [Gathering Facts] ****************************************************************************************************************************************
2026-08-16 19:00:57,343 p=74708 u=admin n=ansible INFO| ok: [localhost]
2026-08-16 19:00:57,348 p=74708 u=admin n=ansible INFO| TASK [kitty : Get info on Kitty executable.] ******************************************************************************************************************
2026-08-16 19:00:57,893 p=74708 u=admin n=ansible INFO| ok: [localhost] => {"changed": false, "stat": {"exists": false}}
2026-08-16 19:00:57,899 p=74708 u=admin n=ansible INFO| TASK [kitty : Get info string from kitty -v.] *****************************************************************************************************************
2026-08-16 19:00:57,915 p=74708 u=admin n=ansible INFO| skipping: [localhost] => {"changed": false, "false_condition": "kitty_binary.stat.exists", "skip_reason": "Conditional result was False"}
2026-08-16 19:00:57,921 p=74708 u=admin n=ansible INFO| TASK [kitty : Extract kitty version from installed_kitty_info.] ***********************************************************************************************
2026-08-16 19:00:57,937 p=74708 u=admin n=ansible INFO| skipping: [localhost] => {"changed": false, "false_condition": "kitty_binary.stat.exists", "skip_reason": "Conditional result was False"}
2026-08-16 19:00:57,943 p=74708 u=admin n=ansible INFO| TASK [kitty : Determine if Kitty needs to be installed.] ******************************************************************************************************
2026-08-16 19:00:57,972 p=74708 u=admin n=ansible INFO| ok: [localhost] => {"ansible_facts": {"kitty_needs_installation": true}, "changed": false}
2026-08-16 19:00:57,977 p=74708 u=admin n=ansible INFO| TASK [kitty : Create dirs if they don't exist] ****************************************************************************************************************
2026-08-16 19:00:58,568 p=74708 u=admin n=ansible INFO| changed: [localhost] => (item=/home/admin/.local/kitty.app) => {"ansible_loop_var": "item", "changed": true, "gid": 1000, "group": "admin", "item": "/home/admin/.local/kitty.app", "mode": "0755", "owner": "admin", "path": "/home/admin/.local/kitty.app", "secontext": "unconfined_u:object_r:gconf_home_t:s0", "size": 0, "state": "directory", "uid": 1000}
2026-08-16 19:00:58,977 p=74708 u=admin n=ansible INFO| ok: [localhost] => (item=/home/admin/.local/bin) => {"ansible_loop_var": "item", "changed": false, "gid": 1000, "group": "admin", "item": "/home/admin/.local/bin", "mode": "0755", "owner": "admin", "path": "/home/admin/.local/bin", "secontext": "unconfined_u:object_r:gconf_home_t:s0", "size": 22, "state": "directory", "uid": 1000}
2026-08-16 19:00:58,985 p=74708 u=admin n=ansible INFO| TASK [kitty : Download and unarchive Kitty] *******************************************************************************************************************
2026-08-16 19:01:08,435 p=74708 u=admin n=ansible INFO| changed: [localhost] => {"changed": true, "dest": "/home/admin/.local/kitty.app", "extract_results": {"cmd": ["/usr/bin/gtar", "--extract", "-C", "/home/admin/.local/kitty.app", "-f", "/home/admin/.ansible/tmp/ansible-tmp-1786886159.0117471-74831-2914350365498/kitty-0.48.2-x86_64rjb9vwhk.txz"], "err": "", "out": "", "rc": 0}, "gid": 1000, "group": "admin", "handler": "TarArchive", "mode": "0755", "owner": "admin", "secontext": "unconfined_u:object_r:gconf_home_t:s0", "size": 22, "src": "/home/admin/.ansible/tmp/ansible-tmp-1786886159.0117471-74831-2914350365498/kitty-0.48.2-x86_64rjb9vwhk.txz", "state": "directory", "uid": 1000}
2026-08-16 19:01:08,442 p=74708 u=admin n=ansible INFO| TASK [kitty : Create symlinks to PATH] ************************************************************************************************************************
2026-08-16 19:01:08,909 p=74708 u=admin n=ansible INFO| ok: [localhost] => (item={'src': 'kitty', 'dest': 'kitty'}) => {"ansible_loop_var": "item", "changed": false, "dest": "/home/admin/.local/bin/kitty", "gid": 1000, "group": "admin", "item": {"dest": "kitty", "src": "kitty"}, "mode": "0777", "owner": "admin", "secontext": "unconfined_u:object_r:gconf_home_t:s0", "size": 38, "src": "/home/admin/.local/kitty.app/bin/kitty", "state": "link", "uid": 1000}
2026-08-16 19:01:09,335 p=74708 u=admin n=ansible INFO| ok: [localhost] => (item={'src': 'kitten', 'dest': 'kitten'}) => {"ansible_loop_var": "item", "changed": false, "dest": "/home/admin/.local/bin/kitten", "gid": 1000, "group": "admin", "item": {"dest": "kitten", "src": "kitten"}, "mode": "0777", "owner": "admin", "secontext": "unconfined_u:object_r:gconf_home_t:s0", "size": 39, "src": "/home/admin/.local/kitty.app/bin/kitten", "state": "link", "uid": 1000}
2026-08-16 19:01:09,344 p=74708 u=admin n=ansible INFO| TASK [kitty : Copy kitty.desktop to ~/.local/share/applications] **********************************************************************************************
2026-08-16 19:01:09,906 p=74708 u=admin n=ansible INFO| changed: [localhost] => {"changed": true, "checksum": "a329b400ccf55e6b135fd50dac4d1e6109e60095", "dest": "/home/admin/.local/share/applications/kitty.desktop", "gid": 1000, "group": "admin", "md5sum": "5d3decf237d3c1fd67e3f85dae375e0d", "mode": "0644", "owner": "admin", "secontext": "unconfined_u:object_r:data_home_t:s0", "size": 361, "src": "/home/admin/.local/kitty.app/share/applications/kitty.desktop", "state": "file", "uid": 1000}
2026-08-16 19:01:09,913 p=74708 u=admin n=ansible INFO| TASK [kitty : Update kitty.desktop icon path] *****************************************************************************************************************
2026-08-16 19:01:10,483 p=74708 u=admin n=ansible INFO| changed: [localhost] => {"changed": true, "msg": "1 replacements made", "rc": 0}
2026-08-16 19:01:10,489 p=74708 u=admin n=ansible INFO| TASK [kitty : Update kitty.desktop exec path] *****************************************************************************************************************
2026-08-16 19:01:10,921 p=74708 u=admin n=ansible INFO| changed: [localhost] => {"changed": true, "msg": "1 replacements made", "rc": 0}
2026-08-16 19:01:10,927 p=74708 u=admin n=ansible INFO| PLAY RECAP ****************************************************************************************************************************************************
2026-08-16 19:01:10,928 p=74708 u=admin n=ansible INFO| localhost                  : ok=9    changed=5    unreachable=0    failed=0    skipped=2    rescued=0    ignored=0   
2026-08-16 19:01:24,766 p=75040 u=admin n=ansible INFO| Using /home/admin/Dotfiles/ansible/ansible.cfg as config file
2026-08-16 19:01:25,022 p=75040 u=admin n=ansible INFO| PLAY [Configure Workstation] **********************************************************************************************************************************
2026-08-16 19:01:25,036 p=75040 u=admin n=ansible INFO| TASK [Gathering Facts] ****************************************************************************************************************************************
2026-08-16 19:01:26,471 p=75040 u=admin n=ansible INFO| ok: [localhost]
2026-08-16 19:01:26,477 p=75040 u=admin n=ansible INFO| TASK [kitty : Get info on Kitty executable.] ******************************************************************************************************************
2026-08-16 19:01:27,095 p=75040 u=admin n=ansible INFO| ok: [localhost] => {"changed": false, "stat": {"atime": 1786886186.4008796, "attr_flags": "", "attributes": [], "block_size": 4096, "blocks": 408, "charset": "binary", "checksum": "09f53ce371248bddb06401c9e0a1aecc056b9e1a", "ctime": 1786886168.1297855, "dev": 51, "device_type": 0, "executable": true, "exists": true, "gid": 1000, "gr_name": "admin", "inode": 76650, "isblk": false, "ischr": false, "isdir": false, "isfifo": false, "isgid": false, "islnk": false, "isreg": true, "issock": false, "isuid": false, "mimetype": "application/x-pie-executable", "mode": "0755", "mtime": 1785411326.6381469, "nlink": 1, "path": "/home/admin/.local/kitty.app/bin/kitty", "pw_name": "admin", "readable": true, "rgrp": true, "roth": true, "rusr": true, "size": 207656, "uid": 1000, "version": "879", "wgrp": false, "woth": false, "writeable": true, "wusr": true, "xgrp": true, "xoth": true, "xusr": true}}
2026-08-16 19:01:27,101 p=75040 u=admin n=ansible INFO| TASK [kitty : Get info string from kitty -v.] *****************************************************************************************************************
2026-08-16 19:01:27,669 p=75040 u=admin n=ansible INFO| ok: [localhost] => {"changed": false, "cmd": ["/home/admin/.local/kitty.app/bin/kitty", "-v"], "delta": "0:00:00.004638", "end": "2026-08-16 19:01:27.622126", "msg": "", "rc": 0, "start": "2026-08-16 19:01:27.617488", "stderr": "", "stderr_lines": [], "stdout": "kitty 0.48.2 created by Kovid Goyal", "stdout_lines": ["kitty 0.48.2 created by Kovid Goyal"]}
2026-08-16 19:01:27,675 p=75040 u=admin n=ansible INFO| TASK [kitty : Extract kitty version from installed_kitty_info.] ***********************************************************************************************
2026-08-16 19:01:27,700 p=75040 u=admin n=ansible INFO| ok: [localhost] => {"ansible_facts": {"installed_kitty_version": "0.48.2"}, "changed": false}
2026-08-16 19:01:27,706 p=75040 u=admin n=ansible INFO| TASK [kitty : Determine if Kitty needs to be installed.] ******************************************************************************************************
2026-08-16 19:01:27,735 p=75040 u=admin n=ansible INFO| ok: [localhost] => {"ansible_facts": {"kitty_needs_installation": false}, "changed": false}
2026-08-16 19:01:27,741 p=75040 u=admin n=ansible INFO| TASK [kitty : Create dirs if they don't exist] ****************************************************************************************************************
2026-08-16 19:01:27,764 p=75040 u=admin n=ansible INFO| skipping: [localhost] => (item=/home/admin/.local/kitty.app)  => {"ansible_loop_var": "item", "changed": false, "false_condition": "kitty_needs_installation", "item": "/home/admin/.local/kitty.app", "skip_reason": "Conditional result was False"}
2026-08-16 19:01:27,766 p=75040 u=admin n=ansible INFO| skipping: [localhost] => (item=/home/admin/.local/bin)  => {"ansible_loop_var": "item", "changed": false, "false_condition": "kitty_needs_installation", "item": "/home/admin/.local/bin", "skip_reason": "Conditional result was False"}
2026-08-16 19:01:27,767 p=75040 u=admin n=ansible INFO| skipping: [localhost] => {"changed": false, "msg": "All items skipped"}
2026-08-16 19:01:27,773 p=75040 u=admin n=ansible INFO| TASK [kitty : Download and unarchive Kitty] *******************************************************************************************************************
2026-08-16 19:01:27,789 p=75040 u=admin n=ansible INFO| skipping: [localhost] => {"changed": false, "false_condition": "kitty_needs_installation", "skip_reason": "Conditional result was False"}
2026-08-16 19:01:27,795 p=75040 u=admin n=ansible INFO| TASK [kitty : Create symlinks to PATH] ************************************************************************************************************************
2026-08-16 19:01:27,813 p=75040 u=admin n=ansible INFO| skipping: [localhost] => (item={'src': 'kitty', 'dest': 'kitty'})  => {"ansible_loop_var": "item", "changed": false, "false_condition": "kitty_needs_installation", "item": {"dest": "kitty", "src": "kitty"}, "skip_reason": "Conditional result was False"}
2026-08-16 19:01:27,816 p=75040 u=admin n=ansible INFO| skipping: [localhost] => (item={'src': 'kitten', 'dest': 'kitten'})  => {"ansible_loop_var": "item", "changed": false, "false_condition": "kitty_needs_installation", "item": {"dest": "kitten", "src": "kitten"}, "skip_reason": "Conditional result was False"}
2026-08-16 19:01:27,817 p=75040 u=admin n=ansible INFO| skipping: [localhost] => {"changed": false, "msg": "All items skipped"}
2026-08-16 19:01:27,823 p=75040 u=admin n=ansible INFO| TASK [kitty : Copy kitty.desktop to ~/.local/share/applications] **********************************************************************************************
2026-08-16 19:01:27,839 p=75040 u=admin n=ansible INFO| skipping: [localhost] => {"changed": false, "false_condition": "kitty_needs_installation", "skip_reason": "Conditional result was False"}
2026-08-16 19:01:27,844 p=75040 u=admin n=ansible INFO| TASK [kitty : Update kitty.desktop icon path] *****************************************************************************************************************
2026-08-16 19:01:27,860 p=75040 u=admin n=ansible INFO| skipping: [localhost] => {"changed": false, "false_condition": "kitty_needs_installation", "skip_reason": "Conditional result was False"}
2026-08-16 19:01:27,865 p=75040 u=admin n=ansible INFO| TASK [kitty : Update kitty.desktop exec path] *****************************************************************************************************************
2026-08-16 19:01:27,881 p=75040 u=admin n=ansible INFO| skipping: [localhost] => {"changed": false, "false_condition": "kitty_needs_installation", "skip_reason": "Conditional result was False"}
2026-08-16 19:01:27,888 p=75040 u=admin n=ansible INFO| PLAY RECAP ****************************************************************************************************************************************************
2026-08-16 19:01:27,888 p=75040 u=admin n=ansible INFO| localhost                  : ok=5    changed=0    unreachable=0    failed=0    skipped=6    rescued=0    ignored=0   
